date,action,price,contracts,profit,drawdown
2000-01-07,buy,8781.0,1,,
2000-01-20,settlement,9269.0,1,96400.0,23600.0
2000-02-11,buy,10185.0,1,,
2000-02-17,settlement,10293.0,1,20400.0,6400.0
2000-02-21,buy,10219.0,1,,
2000-02-23,sell,9820.0,1,-81000.0,89400.0
2000-02-24,buy,9780.0,1,,
2000-03-07,sell,9480.0,1,-61200.0,150600.0
2000-03-10,buy,9710.0,1,,
2000-03-14,sell,8550.0,1,-233200.0,383800.0
2000-03-15,buy,8735.0,1,,
2000-03-16,settlement,8664.0,1,-15400.0,399200.0
2000-03-21,buy,8259.0,1,,
2000-03-27,sell,9520.0,1,251000.0,148200.0
2000-03-28,buy,9801.0,1,,
2000-03-29,sell,9780.0,1,-5400.0,153600.0
2000-04-01,buy,9900.0,1,,
2000-04-05,sell,10209.0,1,60600.0,93000.0
2000-04-07,buy,10070.0,1,,
2000-04-08,sell,10079.0,1,600.0,92400.0
2000-04-21,buy,9175.0,1,,
2000-04-25,sell,8784.0,1,-79400.0,171800.0
2000-04-26,buy,9050.0,1,,
2000-04-27,sell,8578.0,1,-95600.0,267400.0
2000-04-29,buy,8820.0,1,,
2000-05-11,sell,8450.0,1,-75200.0,342600.0
2000-05-15,buy,8605.0,1,,
2000-05-18,settlement,9105.0,1,98800.0,243800.0
2000-05-19,buy,9050.0,1,,
2000-05-22,sell,8890.0,1,-33200.0,277000.0
2000-05-24,buy,8550.0,1,,
2000-05-26,sell,8500.0,1,-11200.0,288200.0
2000-06-02,buy,9000.0,1,,
2000-06-03,sell,9048.0,1,8400.0,279800.0
2000-06-05,buy,8999.0,1,,
2000-06-07,sell,9001.0,1,-800.0,280600.0
2000-06-08,buy,9175.0,1,,
2000-06-21,sell,8723.0,1,-91600.0,372200.0
2000-06-22,buy,8739.0,1,,
2000-06-22,settlement,8920.0,1,35000.0,337200.0
2000-06-23,buy,8875.0,1,,
2000-06-28,sell,8576.0,1,-61000.0,398200.0
2000-07-05,buy,8102.0,1,,
2000-07-07,sell,8316.0,1,41600.0,356600.0
2000-07-17,buy,8559.0,1,,
2000-07-20,sell,8350.0,1,-43000.0,399600.0
2000-07-26,buy,7979.0,1,,
2000-07-29,sell,8110.0,1,25000.0,374600.0
2000-08-03,buy,7950.0,1,,
2000-08-04,sell,7978.0,1,4400.0,370200.0
2000-08-05,buy,7952.0,1,,
2000-08-07,sell,7849.0,1,-21800.0,392000.0
2000-08-10,buy,8052.0,1,,
2000-08-15,sell,7905.0,1,-30600.0,422600.0
2000-08-21,buy,8269.0,1,,
2000-08-24,sell,8219.0,1,-11200.0,433800.0
2000-08-29,buy,7886.0,1,,
2000-08-31,sell,7511.0,1,-76200.0,510000.0
2000-09-02,buy,7580.0,1,,
2000-09-07,sell,7550.0,1,-7200.0,517200.0
2000-09-14,buy,7430.0,1,,
2000-09-21,settlement,6951.0,1,-97000.0,614200.0
2000-09-26,buy,6606.0,1,,
2000-09-27,sell,6780.0,1,33600.0,580600.0
2000-09-29,buy,6639.0,1,,
2000-09-30,sell,6385.0,1,-52000.0,632600.0
2000-10-03,buy,6149.0,1,,
2000-10-05,sell,6050.0,1,-21000.0,653600.0
2000-10-06,buy,6102.0,1,,
2000-10-09,sell,6435.0,1,65400.0,588200.0
2000-10-12,buy,5900.0,1,,
2000-10-19,settlement,5199.0,1,-141400.0,729600.0
2000-10-20,buy,5500.0,1,,
2000-10-23,sell,5631.0,1,25000.0,704600.0
2000-10-25,buy,5840.0,1,,
2000-11-01,sell,5645.0,1,-40200.0,744800.0
2000-11-02,buy,5475.0,1,,
2000-11-04,sell,5930.0,1,89800.0,655000.0
2000-11-07,buy,5794.0,1,,
2000-11-10,sell,6160.0,1,72000.0,583000.0
2000-11-13,buy,6040.0,1,,
2000-11-16,sell,5573.0,1,-94600.0,677600.0
2000-11-18,buy,5280.0,1,,
2000-11-20,sell,5053.0,1,-46600.0,724200.0
2000-11-27,buy,5549.0,1,,
2000-12-01,sell,5236.0,1,-63800.0,788000.0
2000-12-04,buy,5250.0,1,,
2000-12-15,sell,5250.0,1,-1200.0,789200.0
2000-12-19,buy,5062.0,1,,
2000-12-20,sell,5001.0,1,-13400.0,802600.0
2000-12-22,buy,4733.0,1,,
2001-01-02,sell,4702.0,1,-7400.0,810000.0
2001-01-03,buy,4822.0,1,,
2001-01-11,sell,5422.0,1,118800.0,691200.0
2001-01-12,buy,5385.0,1,,
2001-01-18,settlement,5949.0,1,111600.0,579600.0
2001-02-06,buy,5881.0,1,,
2001-02-08,sell,5680.0,1,-41400.0,621000.0
2001-02-14,buy,6040.0,1,,
2001-02-20,sell,5955.0,1,-18200.0,639200.0
2001-03-01,buy,5581.0,1,,
2001-03-12,sell,5499.0,1,-17600.0,656800.0
2001-03-13,buy,5480.0,1,,
2001-03-19,sell,5727.0,1,48200.0,608600.0
2001-03-21,buy,5555.0,1,,
2001-03-22,sell,5631.0,1,14000.0,594600.0
2001-03-27,buy,5909.0,1,,
2001-04-02,sell,5775.0,1,-28000.0,622600.0
2001-04-04,buy,5406.0,1,,
2001-04-10,sell,5419.0,1,1400.0,621200.0
2001-04-23,buy,5588.0,1,,
2001-04-24,sell,5621.0,1,5400.0,615800.0
2001-04-25,buy,5609.0,1,,
2001-04-26,sell,5541.0,1,-14800.0,630600.0
2001-05-03,buy,5360.0,1,,
2001-05-04,sell,5419.0,1,10600.0,620000.0
2001-05-15,buy,5181.0,1,,
2001-05-17,sell,5150.0,1,-7400.0,627400.0
2001-05-18,buy,5168.0,1,,
2001-05-21,sell,5089.0,1,-17000.0,644400.0
2001-05-22,buy,5017.0,1,,
2001-05-24,sell,5210.0,1,37400.0,607000.0
2001-05-30,buy,5085.0,1,,
2001-06-18,sell,5141.0,1,10000.0,597000.0
2001-06-19,buy,5069.0,1,,
2001-06-21,sell,5080.0,1,1000.0,596000.0
2001-06-22,buy,4990.0,1,,
2001-06-27,sell,4830.0,1,-33200.0,629200.0
2001-06-29,buy,4870.0,1,,
2001-07-03,sell,4901.0,1,5000.0,624200.0
2001-07-04,buy,4815.0,1,,
2001-07-05,sell,4749.0,1,-14400.0,638600.0
2001-07-06,buy,4712.0,1,,
2001-07-11,sell,4630.0,1,-17600.0,656200.0
2001-07-12,buy,4607.0,1,,
2001-07-16,sell,4482.0,1,-26200.0,682400.0
2001-07-17,buy,4335.0,1,,
2001-07-19,sell,4175.0,1,-33200.0,715600.0
2001-07-24,buy,4100.0,1,,
2001-07-25,sell,4038.0,1,-13600.0,729200.0
2001-07-31,buy,4261.0,1,,
2001-08-03,sell,4480.0,1,42600.0,686600.0
2001-08-06,buy,4481.0,1,,
2001-08-14,sell,4525.0,1,7600.0,679000.0
2001-08-21,buy,4551.0,1,,
2001-08-24,sell,4454.0,1,-20600.0,699600.0
2001-08-27,buy,4330.0,1,,
2001-08-30,sell,4483.0,1,29400.0,670200.0
2001-09-05,buy,4433.0,1,,
2001-09-06,sell,4376.0,1,-12600.0,682800.0
2001-09-10,buy,4254.0,1,,
2001-09-13,sell,3862.0,1,-79600.0,762400.0
2001-09-14,buy,3888.0,1,,
2001-09-19,sell,3611.0,1,-56600.0,819000.0
2001-09-21,buy,3460.0,1,,
2001-09-25,sell,3648.0,1,36400.0,782600.0
2001-09-27,buy,3594.0,1,,
2001-10-02,sell,3611.0,1,2200.0,780400.0
2001-10-05,buy,3496.0,1,,
2001-10-08,sell,3540.0,1,7600.0,772800.0
2001-10-12,buy,3945.0,1,,
2001-10-15,sell,3799.0,1,-30400.0,803200.0
2001-10-16,buy,3720.0,1,,
2001-10-18,settlement,3770.0,1,8800.0,794400.0
2001-10-25,buy,3920.0,1,,
2001-10-29,sell,3983.0,1,11400.0,783000.0
2001-10-31,buy,3826.0,1,,
2001-11-02,sell,3919.0,1,17400.0,765600.0
2001-11-06,buy,4050.0,1,,
2001-11-07,sell,4065.0,1,1800.0,763800.0
2001-11-16,buy,4375.0,1,,
2001-11-21,sell,4444.0,1,12600.0,751200.0
2001-11-27,buy,4670.0,1,,
2001-12-04,sell,4578.0,1,-19600.0,770800.0
2001-12-12,buy,5293.0,1,,
2001-12-14,sell,5340.0,1,8200.0,762600.0
2001-12-21,buy,5231.0,1,,
2001-12-24,sell,5075.0,1,-32400.0,795000.0
2001-12-28,buy,5302.0,1,,
2001-12-31,sell,5430.0,1,24400.0,770600.0
2002-01-03,buy,5650.0,1,,
2002-01-17,sell,5350.0,1,-61200.0,831800.0
2002-01-18,buy,5452.0,1,,
2002-01-24,sell,5819.0,1,72200.0,759600.0
2002-01-28,buy,5979.0,1,,
2002-02-01,sell,5895.0,1,-18000.0,777600.0
2002-02-05,buy,5762.0,1,,
2002-02-18,sell,6022.0,1,50800.0,726800.0
2002-02-21,buy,5725.0,1,,
2002-02-21,settlement,5656.0,1,-15000.0,741800.0
2002-02-27,buy,5529.0,1,,
2002-03-01,sell,5679.0,1,28800.0,713000.0
2002-03-07,buy,6138.0,1,,
2002-03-12,sell,6180.0,1,7200.0,705800.0
2002-03-18,buy,5930.0,1,,
2002-03-21,settlement,6049.0,1,22600.0,683200.0
2002-03-25,buy,6151.0,1,,
2002-04-01,sell,6103.0,1,-10800.0,694000.0
2002-04-02,buy,6155.0,1,,
2002-04-04,sell,6231.0,1,14000.0,680000.0
2002-04-08,buy,6132.0,1,,
2002-04-11,sell,6047.0,1,-18200.0,698200.0
2002-04-12,buy,5990.0,1,,
2002-04-17,sell,6385.0,1,77800.0,620400.0
2002-04-24,buy,6318.0,1,,
2002-04-26,sell,6309.0,1,-3000.0,623400.0
2002-05-02,buy,6117.0,1,,
2002-05-03,sell,5841.0,1,-56400.0,679800.0
2002-05-07,buy,5541.0,1,,
2002-05-08,sell,5749.0,1,40400.0,639400.0
2002-05-09,buy,5880.0,1,,
2002-05-13,sell,5758.0,1,-25600.0,665000.0
2002-05-17,buy,5795.0,1,,
2002-05-22,sell,5411.0,1,-78000.0,743000.0
2002-05-29,buy,5603.0,1,,
2002-05-31,sell,5684.0,1,15000.0,728000.0
2002-06-03,buy,5612.0,1,,
2002-06-11,sell,5463.0,1,-31000.0,759000.0
2002-06-14,buy,5546.0,1,,
2002-06-20,sell,5336.0,1,-43200.0,802200.0
2002-06-24,buy,5402.0,1,,
2002-06-28,sell,5155.0,1,-50600.0,852800.0
2002-07-04,buy,5038.0,1,,
2002-07-12,sell,5220.0,1,35200.0,817600.0
2002-07-16,buy,5399.0,1,,
2002-07-17,sell,5261.0,1,-28800.0,846400.0
2002-07-18,buy,5213.0,1,,
2002-07-18,settlement,5199.0,1,-4000.0,850400.0
2002-07-29,buy,4800.0,1,,
2002-07-31,sell,4976.0,1,34000.0,816400.0
2002-08-02,buy,4798.0,1,,
2002-08-06,sell,4482.0,1,-64400.0,880800.0
2002-08-07,buy,4650.0,1,,
2002-08-09,sell,4737.0,1,16200.0,864600.0
2002-08-13,buy,4769.0,1,,
2002-08-16,sell,4927.0,1,30400.0,834200.0
2002-08-23,buy,4980.0,1,,
2002-08-28,sell,4801.0,1,-37000.0,871200.0
2002-08-30,buy,4777.0,1,,
2002-09-02,sell,4730.0,1,-10600.0,881800.0
2002-09-03,buy,4611.0,1,,
2002-09-04,sell,4524.0,1,-18600.0,900400.0
2002-09-09,buy,4480.0,1,,
2002-09-11,sell,4660.0,1,34800.0,865600.0
2002-09-23,buy,4351.0,1,,
2002-09-24,sell,4300.0,1,-11400.0,877000.0
2002-09-27,buy,4219.0,1,,
2002-09-30,sell,4118.0,1,-21400.0,898400.0
2002-10-09,buy,3939.0,1,,
2002-10-11,sell,3927.0,1,-3600.0,902000.0
2002-11-01,buy,4558.0,1,,
2002-11-04,sell,4586.0,1,4400.0,897600.0
2002-11-06,buy,4568.0,1,,
2002-11-11,sell,4735.0,1,32200.0,865400.0
2002-11-18,buy,4810.0,1,,
2002-11-19,sell,4788.0,1,-5600.0,871000.0
2002-11-21,buy,4730.0,1,,
2002-11-21,settlement,4631.0,1,-21000.0,892000.0
2002-11-22,buy,4725.0,1,,
2002-11-27,sell,4640.0,1,-18200.0,910200.0
2002-11-29,buy,4644.0,1,,
2002-12-04,sell,4741.0,1,18200.0,892000.0
2002-12-10,buy,4750.0,1,,
2002-12-11,sell,4730.0,1,-5200.0,897200.0
2002-12-12,buy,4690.0,1,,
2002-12-13,sell,4669.0,1,-5400.0,902600.0
2002-12-23,buy,4569.0,1,,
2002-12-26,sell,4488.0,1,-17400.0,920000.0
2002-12-30,buy,4452.0,1,,
2003-01-07,sell,4687.0,1,45800.0,874200.0
2003-01-09,buy,4765.0,1,,
2003-01-13,sell,4868.0,1,19400.0,854800.0
2003-01-14,buy,5025.0,1,,
2003-01-15,sell,5030.0,1,-200.0,855000.0
2003-01-16,buy,4990.0,1,,
2003-01-16,settlement,4940.0,1,-11200.0,866200.0
2003-01-21,buy,4968.0,1,,
2003-01-23,sell,4998.0,1,4800.0,861400.0
2003-01-28,buy,4957.0,1,,
2003-02-07,sell,4781.0,1,-36400.0,897800.0
2003-02-11,buy,4669.0,1,,
2003-02-12,sell,4619.0,1,-11200.0,909000.0
2003-02-14,buy,4512.0,1,,
2003-02-17,sell,4580.0,1,12400.0,896600.0
2003-02-21,buy,4566.0,1,,
2003-03-05,sell,4400.0,1,-34400.0,931000.0
2003-03-11,buy,4275.0,1,,
2003-03-18,sell,4451.0,1,34000.0,897000.0
2003-03-19,buy,4531.0,1,,
2003-03-20,settlement,4588.0,1,10200.0,886800.0
2003-03-25,buy,4453.0,1,,
2003-03-26,sell,4500.0,1,8200.0,878600.0
2003-04-04,buy,4308.0,1,,
2003-04-08,sell,4483.0,1,33800.0,844800.0
2003-04-09,buy,4515.0,1,,
2003-04-11,sell,4525.0,1,800.0,844000.0
2003-04-14,buy,4521.0,1,,
2003-04-17,settlement,4557.0,1,6000.0,838000.0
2003-04-22,buy,4620.0,1,,
2003-04-23,sell,4600.0,1,-5200.0,843200.0
2003-04-28,buy,4171.0,1,,
2003-05-02,sell,4105.0,1,-14400.0,857600.0
2003-05-05,buy,4200.0,1,,
2003-05-08,sell,4232.0,1,5200.0,852400.0
2003-05-12,buy,4225.0,1,,
2003-05-13,sell,4298.0,1,13400.0,839000.0
2003-05-15,buy,4314.0,1,,
2003-05-20,sell,4193.0,1,-25400.0,864400.0
2003-05-23,buy,4275.0,1,,
2003-05-26,sell,4358.0,1,15400.0,849000.0
2003-05-27,buy,4452.0,1,,
2003-05-29,sell,4470.0,1,2400.0,846600.0
2003-05-30,buy,4469.0,1,,
2003-06-05,sell,4706.0,1,46200.0,800400.0
2003-06-10,buy,4766.0,1,,
2003-06-11,sell,4821.0,1,9800.0,790600.0
2003-06-12,buy,4820.0,1,,
2003-06-17,sell,4989.0,1,32600.0,758000.0
2003-06-18,buy,5020.0,1,,
2003-06-19,sell,5030.0,1,800.0,757200.0
2003-06-25,buy,4886.0,1,,
2003-06-27,sell,4925.0,1,6600.0,750600.0
2003-07-01,buy,4875.0,1,,
2003-07-04,sell,5139.0,1,51600.0,699000.0
2003-07-11,buy,5206.0,1,,
2003-07-16,sell,5356.0,1,28800.0,670200.0
2003-07-21,buy,5282.0,1,,
2003-07-22,sell,5239.0,1,-9800.0,680000.0
2003-08-01,buy,5359.0,1,,
2003-08-05,sell,5389.0,1,4800.0,675200.0
2003-08-07,buy,5235.0,1,,
2003-08-08,sell,5281.0,1,8000.0,667200.0
2003-08-12,buy,5260.0,1,,
2003-08-18,sell,5531.0,1,53000.0,614200.0
2003-08-19,buy,5640.0,1,,
2003-08-21,settlement,5611.0,1,-7000.0,621200.0
2003-08-25,buy,5609.0,1,,
2003-08-28,sell,5559.0,1,-11200.0,632400.0
2003-09-03,buy,5780.0,1,,
2003-09-15,sell,5670.0,1,-23200.0,655600.0
2003-09-30,buy,5681.0,1,,
2003-10-02,sell,5663.0,1,-4800.0,660400.0
2003-10-06,buy,5775.0,1,,
2003-10-08,sell,5850.0,1,13800.0,646600.0
2003-10-14,buy,6032.0,1,,
2003-10-16,settlement,6060.0,1,4400.0,642200.0
2003-10-20,buy,6060.0,1,,
2003-11-03,sell,6068.0,1,400.0,641800.0
2003-11-06,buy,6181.0,1,,
2003-11-07,sell,6035.0,1,-30400.0,672200.0
2003-11-10,buy,6032.0,1,,
2003-11-12,sell,6030.0,1,-1600.0,673800.0
2003-11-17,buy,6018.0,1,,
2003-11-19,sell,5900.0,1,-24800.0,698600.0
2003-12-09,buy,5867.0,1,,
2003-12-10,sell,5820.0,1,-10600.0,709200.0
2003-12-15,buy,5930.0,1,,
2003-12-17,sell,5905.0,1,-6200.0,715400.0
2003-12-25,buy,5860.0,1,,
2003-12-30,sell,5870.0,1,800.0,714600.0
2004-01-02,buy,5900.0,1,,
2004-01-05,sell,6074.0,1,33600.0,681000.0
2004-01-06,buy,6172.0,1,,
2004-01-07,sell,6163.0,1,-3000.0,684000.0
2004-01-09,buy,6278.0,1,,
2004-01-15,sell,6312.0,1,5600.0,678400.0
2004-01-16,buy,6329.0,1,,
2004-01-28,settlement,6367.0,1,6400.0,672000.0
2004-02-02,buy,6375.0,1,,
2004-02-03,sell,6300.0,1,-16200.0,688200.0
2004-02-05,buy,6212.0,1,,
2004-02-12,sell,6488.0,1,54000.0,634200.0
2004-02-13,buy,6435.0,1,,
2004-02-19,sell,6650.0,1,41800.0,592400.0
2004-02-23,buy,6698.0,1,,
2004-02-27,sell,6749.0,1,9000.0,583400.0
2004-03-02,buy,6999.0,1,,
2004-03-05,sell,7185.0,1,36000.0,547400.0
2004-03-10,buy,7020.0,1,,
2004-03-18,settlement,6845.0,1,-36200.0,583600.0
2004-03-19,buy,6828.0,1,,
2004-03-23,sell,5908.0,1,-185200.0,768800.0
2004-03-30,buy,6435.0,1,,
2004-04-01,sell,6473.0,1,6400.0,762400.0
2004-04-13,buy,6810.0,1,,
2004-04-14,sell,6771.0,1,-9000.0,771400.0
2004-04-19,buy,6828.0,1,,
2004-04-20,sell,6824.0,1,-2000.0,773400.0
2004-04-22,buy,6860.0,1,,
2004-04-22,settlement,6718.0,1,-29600.0,803000.0
2004-04-23,buy,6775.0,1,,
2004-04-28,sell,6659.0,1,-24400.0,827400.0
2004-04-30,buy,6361.0,1,,
2004-05-04,sell,6081.0,1,-57200.0,884600.0
2004-05-06,buy,5797.0,1,,
2004-05-10,sell,5927.0,1,24800.0,859800.0
2004-05-11,buy,5816.0,1,,
2004-05-12,sell,5928.0,1,21200.0,838600.0
2004-05-20,buy,5775.0,1,,
2004-05-20,settlement,5685.0,1,-19200.0,857800.0
2004-05-21,buy,5734.0,1,,
2004-05-24,sell,5878.0,1,27600.0,830200.0
2004-06-01,buy,5930.0,1,,
2004-06-17,settlement,5607.0,1,-65800.0,896000.0
2004-06-21,buy,5600.0,1,,
2004-07-01,sell,5794.0,1,37600.0,858400.0
2004-07-08,buy,5639.0,1,,
2004-07-09,sell,5641.0,1,-800.0,859200.0
2004-07-12,buy,5733.0,1,,
2004-07-19,sell,5491.0,1,-49600.0,908800.0
2004-07-20,buy,5460.0,1,,
2004-07-22,sell,5249.0,1,-43400.0,952200.0
2004-07-27,buy,5270.0,1,,
2004-07-29,sell,5355.0,1,15800.0,936400.0
2004-08-03,buy,5305.0,1,,
2004-08-04,sell,5250.0,1,-12200.0,948600.0
2004-08-05,buy,5259.0,1,,
2004-08-06,sell,5335.0,1,14000.0,934600.0
2004-08-18,buy,5328.0,1,,
2004-08-19,sell,5427.0,1,18600.0,916000.0
2004-08-23,buy,5613.0,1,,
2004-08-26,sell,5722.0,1,20600.0,895400.0
2004-08-30,buy,5810.0,1,,
2004-09-02,sell,5850.0,1,6800.0,888600.0
2004-09-07,buy,5771.0,1,,
2004-09-10,sell,5845.0,1,13600.0,875000.0
2004-09-13,buy,5900.0,1,,
2004-09-16,settlement,5868.0,1,-7600.0,882600.0
2004-09-20,buy,5813.0,1,,
2004-09-22,sell,5955.0,1,27200.0,855400.0
2004-09-27,buy,5879.0,1,,
2004-09-29,sell,5875.0,1,-2000.0,857400.0
2004-10-04,buy,6040.0,1,,
2004-10-08,sell,6110.0,1,12800.0,844600.0
2004-10-11,buy,6108.0,1,,
2004-10-12,sell,6080.0,1,-6800.0,851400.0
2004-10-15,buy,5806.0,1,,
2004-10-19,sell,5855.0,1,8600.0,842800.0
2004-10-22,buy,5820.0,1,,
2004-10-27,sell,5682.0,1,-28800.0,871600.0
2004-10-29,buy,5689.0,1,,
2004-11-02,sell,5657.0,1,-7600.0,879200.0
2004-11-04,buy,5828.0,1,,
2004-11-05,sell,5901.0,1,13400.0,865800.0
2004-11-08,buy,5925.0,1,,
2004-11-10,sell,5970.0,1,7800.0,858000.0
2004-11-11,buy,5948.0,1,,
2004-11-17,sell,5900.0,1,-10800.0,868800.0
2004-11-18,buy,6080.0,1,,
2004-11-18,settlement,6072.0,1,-2800.0,871600.0
2004-11-19,buy,6086.0,1,,
2004-11-25,sell,5914.0,1,-35600.0,907200.0
2004-11-26,buy,5895.0,1,,
2004-12-10,sell,5900.0,1,-200.0,907400.0
2004-12-16,buy,6005.0,1,,
2004-12-16,settlement,6020.0,1,1800.0,905600.0
2004-12-20,buy,5921.0,1,,
2004-12-29,sell,6055.0,1,25600.0,880000.0
2004-12-31,buy,6120.0,1,,
2005-01-03,sell,6185.0,1,11800.0,868200.0
2005-01-04,buy,6145.0,1,,
2005-01-07,sell,6018.0,1,-26600.0,894800.0
2005-01-10,buy,5970.0,1,,
2005-01-14,sell,5846.0,1,-26000.0,920800.0
2005-01-21,buy,5871.0,1,,
2005-01-24,sell,5869.0,1,-1600.0,922400.0
2005-01-25,buy,5783.0,1,,
2005-01-26,sell,5838.0,1,9800.0,912600.0
2005-02-15,buy,6111.0,1,,
2005-02-16,sell,6140.0,1,4600.0,908000.0
2005-02-22,buy,6139.0,1,,
2005-02-23,sell,6054.0,1,-18200.0,926200.0
2005-03-01,buy,6233.0,1,,
2005-03-17,settlement,6015.0,1,-44800.0,971000.0
2005-03-21,buy,6018.0,1,,
2005-03-24,sell,6010.0,1,-2800.0,973800.0
2005-03-25,buy,6012.0,1,,
2005-03-28,sell,6069.0,1,10200.0,963600.0
2005-03-31,buy,6009.0,1,,
2005-04-01,sell,6008.0,1,-1400.0,965000.0
2005-04-08,buy,6008.0,1,,
2005-04-21,settlement,5688.0,1,-65200.0,1030200.0
2005-04-26,buy,5738.0,1,,
2005-04-28,sell,5740.0,1,-800.0,1031000.0
2005-04-29,buy,5755.0,1,,
2005-05-03,sell,5800.0,1,7800.0,1023200.0
2005-05-09,buy,5936.0,1,,
2005-05-13,sell,5918.0,1,-4800.0,1028000.0
2005-05-16,buy,5997.0,1,,
2005-05-19,settlement,5947.0,1,-11200.0,1039200.0
2005-05-23,buy,5926.0,1,,
2005-05-30,sell,5958.0,1,5200.0,1034000.0
2005-06-03,buy,5988.0,1,,
2005-06-06,sell,6015.0,1,4200.0,1029800.0
2005-06-07,buy,6071.0,1,,
2005-06-10,sell,6141.0,1,12800.0,1017000.0
2005-06-13,buy,6175.0,1,,
2005-06-16,settlement,6180.0,1,-200.0,1017200.0
2005-06-17,buy,6188.0,1,,
2005-06-27,sell,6246.0,1,10400.0,1006800.0
2005-06-30,buy,6215.0,1,,
2005-07-01,sell,6190.0,1,-6200.0,1013000.0
2005-07-04,buy,6248.0,1,,
2005-07-05,sell,6210.0,1,-8800.0,1021800.0
2005-07-08,buy,6170.0,1,,
2005-07-13,sell,6341.0,1,33000.0,988800.0
2005-07-27,buy,6328.0,1,,
2005-08-02,sell,6298.0,1,-7200.0,996000.0
2005-08-04,buy,6446.0,1,,
2005-08-11,sell,6360.0,1,-18400.0,1014400.0
2005-08-12,buy,6394.0,1,,
2005-08-15,sell,6337.0,1,-12600.0,1027000.0
2005-08-17,buy,6185.0,1,,
2005-08-18,sell,6238.0,1,9400.0,1017600.0
2005-08-25,buy,6118.0,1,,
2005-09-06,sell,6130.0,1,1200.0,1016400.0
2005-09-07,buy,6188.0,1,,
2005-09-12,sell,6158.0,1,-7200.0,1023600.0
2005-09-27,buy,5931.0,1,,
2005-09-28,sell,5941.0,1,800.0,1022800.0
2005-09-29,buy,5930.0,1,,
2005-09-30,sell,6039.0,1,20600.0,1002200.0
2005-10-03,buy,6106.0,1,,
2005-10-04,sell,6130.0,1,3600.0,998600.0
2005-10-12,buy,6078.0,1,,
2005-10-20,sell,5732.0,1,-70400.0,1069000.0
2005-10-21,buy,5725.0,1,,
2005-10-24,sell,5745.0,1,2800.0,1066200.0
2005-10-25,buy,5780.0,1,,
2005-10-28,sell,5615.0,1,-34200.0,1100400.0
2005-10-31,buy,5700.0,1,,
2005-11-01,sell,5806.0,1,20000.0,1080400.0
2005-11-03,buy,5880.0,1,,
2005-11-08,sell,5850.0,1,-7200.0,1087600.0
2005-11-11,buy,6050.0,1,,
2005-11-16,sell,6025.0,1,-6200.0,1093800.0
2005-11-18,buy,6099.0,1,,
2005-11-21,sell,6119.0,1,2800.0,1091000.0
2005-11-23,buy,6084.0,1,,
2005-11-24,sell,6125.0,1,7000.0,1084000.0
2005-11-29,buy,6195.0,1,,
2005-12-01,sell,6175.0,1,-5200.0,1089200.0
2005-12-06,buy,6342.0,1,,
2005-12-14,sell,6262.0,1,-17200.0,1106400.0
2005-12-15,buy,6210.0,1,,
2005-12-21,sell,6438.0,1,44400.0,1062000.0
2005-12-26,buy,6559.0,1,,
2006-01-04,sell,6675.0,1,22000.0,1040000.0
2006-01-06,buy,6743.0,1,,
2006-01-11,sell,6723.0,1,-5200.0,1045200.0
2006-01-12,buy,6772.0,1,,
2006-01-17,sell,6730.0,1,-9600.0,1054800.0
2006-01-18,buy,6612.0,1,,
2006-01-19,sell,6527.0,1,-18200.0,1073000.0
2006-01-20,buy,6527.0,1,,
2006-01-23,sell,6400.0,1,-26600.0,1099600.0
2006-02-03,buy,6568.0,1,,
2006-02-09,sell,6679.0,1,21000.0,1078600.0
2006-02-13,buy,6551.0,1,,
2006-02-16,settlement,6669.0,1,22400.0,1056200.0
2006-02-20,buy,6660.0,1,,
2006-02-23,sell,6545.0,1,-24200.0,1080400.0
2006-03-01,buy,6512.0,1,,
2006-03-07,sell,6510.0,1,-1600.0,1082000.0
2006-03-09,buy,6460.0,1,,
2006-03-15,sell,6479.0,1,2600.0,1079400.0
2006-03-16,buy,6492.0,1,,
2006-03-16,settlement,6448.0,1,-10000.0,1089400.0
2006-03-24,buy,6344.0,1,,
2006-04-10,sell,6722.0,1,74400.0,1015000.0
2006-04-13,buy,6819.0,1,,
2006-04-19,sell,7114.0,1,57800.0,957200.0
2006-04-21,buy,7131.0,1,,
2006-04-25,sell,7085.0,1,-10400.0,967600.0
2006-04-27,buy,7233.0,1,,
2006-05-02,sell,7172.0,1,-13400.0,981000.0
2006-05-04,buy,7267.0,1,,
2006-05-18,sell,6977.0,1,-59200.0,1040200.0
2006-05-23,buy,6829.0,1,,
2006-05-25,sell,6863.0,1,5600.0,1034600.0
2006-05-26,buy,6927.0,1,,
2006-06-02,sell,6915.0,1,-3600.0,1038200.0
2006-06-06,buy,6622.0,1,,
2006-06-08,sell,6525.0,1,-20600.0,1058800.0
2006-06-09,buy,6294.0,1,,
2006-06-13,sell,6282.0,1,-3600.0,1062400.0
2006-06-16,buy,6650.0,1,,
2006-06-20,sell,6565.0,1,-18200.0,1080600.0
2006-06-21,buy,6362.0,1,,
2006-06-22,settlement,6430.0,1,12400.0,1068200.0
2006-06-23,buy,6390.0,1,,
2006-06-27,sell,6475.0,1,15800.0,1052400.0
2006-06-28,buy,6435.0,1,,
2006-07-10,sell,6511.0,1,14000.0,1038400.0
2006-07-12,buy,6603.0,1,,
2006-07-20,sell,6259.0,1,-70000.0,1108400.0
2006-07-24,buy,6185.0,1,,
2006-07-26,sell,6308.0,1,23400.0,1085000.0
2006-07-27,buy,6292.0,1,,
2006-07-31,sell,6456.0,1,31600.0,1053400.0
2006-08-02,buy,6349.0,1,,
2006-08-03,sell,6459.0,1,20800.0,1032600.0
2006-08-09,buy,6471.0,1,,
2006-08-14,sell,6557.0,1,16000.0,1016600.0
2006-08-18,buy,6709.0,1,,
2006-08-21,sell,6688.0,1,-5400.0,1022000.0
2006-08-23,buy,6525.0,1,,
2006-08-28,sell,6501.0,1,-6000.0,1028000.0
2006-09-01,buy,6620.0,1,,
2006-09-04,sell,6691.0,1,13000.0,1015000.0
2006-09-06,buy,6727.0,1,,
2006-09-07,sell,6615.0,1,-23600.0,1038600.0
2006-09-08,buy,6620.0,1,,
2006-09-14,sell,6650.0,1,4800.0,1033800.0
2006-09-20,buy,6850.0,1,,
2006-09-21,settlement,6880.0,1,4800.0,1029000.0
2006-10-03,buy,6947.0,1,,
2006-10-05,sell,6934.0,1,-3800.0,1032800.0
2006-10-13,buy,7066.0,1,,
2006-10-14,sell,7089.0,1,3400.0,1029400.0
2006-10-19,buy,7004.0,1,,
2006-10-19,settlement,6981.0,1,-5800.0,1035200.0
2006-10-20,buy,7007.0,1,,
2006-10-31,sell,6981.0,1,-6400.0,1041600.0
2006-11-03,buy,7077.0,1,,
2006-11-10,sell,7131.0,1,9600.0,1032000.0
2006-11-15,buy,7250.0,1,,
2006-11-16,sell,7253.0,1,-600.0,1032600.0
2006-11-20,buy,7245.0,1,,
2006-11-22,sell,7320.0,1,13800.0,1018800.0
2006-11-23,buy,7350.0,1,,
2006-12-19,sell,7613.0,1,51400.0,967400.0
2007-01-11,buy,7725.0,1,,
2007-01-16,sell,7824.0,1,18600.0,948800.0
2007-01-17,buy,7756.0,1,,
2007-01-18,settlement,7922.0,1,32000.0,916800.0
2007-01-19,buy,7880.0,1,,
2007-02-09,sell,7875.0,1,-2200.0,919000.0
2007-02-13,buy,7785.0,1,,
2007-02-27,settlement,7925.0,1,26800.0,892200.0
2007-03-01,buy,7746.0,1,,
2007-03-03,sell,7615.0,1,-27400.0,919600.0
2007-03-06,buy,7335.0,1,,
2007-03-16,sell,7597.0,1,51200.0,868400.0
2007-03-20,buy,7750.0,1,,
2007-03-22,sell,7826.0,1,14000.0,854400.0
2007-03-26,buy,7874.0,1,,
2007-04-09,sell,8039.0,1,31800.0,822600.0
2007-04-24,buy,8000.0,1,,
2007-04-25,sell,8001.0,1,-1000.0,823600.0
2007-05-04,buy,7973.0,1,,
2007-05-11,sell,8029.0,1,10000.0,813600.0
2007-05-14,buy,8063.0,1,,
2007-05-16,sell,7932.0,1,-27400.0,841000.0
2007-05-17,buy,8000.0,1,,
2007-05-17,settlement,8015.0,1,1800.0,839200.0
2007-05-21,buy,8050.0,1,,
2007-05-22,sell,8132.0,1,15200.0,824000.0
2007-05-23,buy,8199.0,1,,
2007-06-01,sell,8201.0,1,-800.0,824800.0
2007-06-06,buy,8253.0,1,,
2007-06-08,sell,8236.0,1,-4600.0,829400.0
2007-06-13,buy,8311.0,1,,
2007-06-15,sell,8491.0,1,34800.0,794600.0
2007-06-25,buy,8790.0,1,,
2007-06-27,sell,8792.0,1,-800.0,795400.0
2007-07-02,buy,8800.0,1,,
2007-07-03,sell,8941.0,1,27000.0,768400.0
2007-07-04,buy,9028.0,1,,
2007-07-06,sell,9100.0,1,13200.0,755200.0
2007-07-16,buy,9465.0,1,,
2007-07-18,sell,9480.0,1,1800.0,753400.0
2007-07-23,buy,9505.0,1,,
2007-07-27,sell,9320.0,1,-38200.0,791600.0
2007-07-31,buy,9010.0,1,,
2007-08-16,settlement,8154.0,1,-172400.0,964000.0
2007-08-17,buy,8101.0,1,,
2007-08-23,sell,8700.0,1,118600.0,845400.0
2007-08-24,buy,8660.0,1,,
2007-08-27,sell,8750.0,1,16800.0,828600.0
2007-08-28,buy,8643.0,1,,
2007-08-29,sell,8470.0,1,-35800.0,864400.0
2007-08-30,buy,8697.0,1,,
2007-08-31,sell,8760.0,1,11400.0,853000.0
2007-09-03,buy,8976.0,1,,
2007-09-04,sell,8962.0,1,-4000.0,857000.0
2007-09-06,buy,8792.0,1,,
2007-09-07,sell,9000.0,1,40400.0,816600.0
2007-09-13,buy,8998.0,1,,
2007-09-17,sell,9043.0,1,7800.0,808800.0
2007-09-19,buy,9110.0,1,,
2007-09-20,sell,9022.0,1,-18800.0,827600.0
2007-10-03,buy,9661.0,1,,
2007-10-09,sell,9755.0,1,17600.0,810000.0
2007-10-12,buy,9685.0,1,,
2007-10-15,sell,9548.0,1,-28600.0,838600.0
2007-10-19,buy,9620.0,1,,
2007-10-23,sell,9389.0,1,-47400.0,886000.0
2007-10-29,buy,9780.0,1,,
2007-11-02,sell,9457.0,1,-65800.0,951800.0
2007-11-12,buy,8715.0,1,,
2007-11-20,sell,8420.0,1,-60200.0,1012000.0
2007-11-21,buy,8647.0,1,,
2007-11-22,sell,8488.0,1,-33000.0,1045000.0
2007-11-23,buy,8498.0,1,,
2007-12-03,sell,8608.0,1,20800.0,1024200.0
2007-12-04,buy,8580.0,1,,
2007-12-06,sell,8789.0,1,40600.0,983600.0
2007-12-13,buy,8450.0,1,,
2007-12-14,sell,8150.0,1,-61200.0,1044800.0
2007-12-17,buy,8017.0,1,,
2007-12-20,settlement,7844.0,1,-35800.0,1080600.0
2007-12-21,buy,7813.0,1,,
2007-12-26,sell,8120.0,1,60200.0,1020400.0
2008-01-02,buy,8450.0,1,,
2008-01-03,sell,8200.0,1,-51200.0,1071600.0
2008-01-07,buy,7951.0,1,,
2008-01-08,sell,7840.0,1,-23400.0,1095000.0
2008-01-15,buy,8263.0,1,,
2008-01-16,sell,8250.0,1,-3800.0,1098800.0
2008-01-21,buy,8113.0,1,,
2008-01-24,sell,7600.0,1,-103800.0,1202600.0
2008-01-28,buy,7686.0,1,,
2008-01-30,sell,7500.0,1,-38400.0,1241000.0
2008-02-12,buy,7550.0,1,,
2008-02-20,sell,7950.0,1,78800.0,1162200.0
2008-03-06,buy,8520.0,1,,
2008-03-10,sell,8490.0,1,-7200.0,1169400.0
2008-03-14,buy,8260.0,1,,
2008-03-17,sell,7962.0,1,-60800.0,1230200.0
2008-03-19,buy,8250.0,1,,
2008-03-20,settlement,8336.0,1,16000.0,1214200.0
2008-03-21,buy,8398.0,1,,
2008-03-24,sell,8998.0,1,118800.0,1095400.0
2008-03-26,buy,8771.0,1,,
2008-03-27,sell,8685.0,1,-18400.0,1113800.0
2008-04-02,buy,8530.0,1,,
2008-04-09,sell,8662.0,1,25200.0,1088600.0
2008-04-11,buy,8830.0,1,,
2008-04-17,sell,9134.0,1,59600.0,1029000.0
2008-04-21,buy,9168.0,1,,
2008-04-24,sell,8966.0,1,-41600.0,1070600.0
2008-04-25,buy,9052.0,1,,
2008-05-02,sell,9021.0,1,-7400.0,1078000.0
2008-05-05,buy,9020.0,1,,
2008-05-06,sell,8860.0,1,-33200.0,1111200.0
2008-05-07,buy,8903.0,1,,
2008-05-09,sell,8850.0,1,-11800.0,1123000.0
2008-05-13,buy,8862.0,1,,
2008-05-19,sell,9269.0,1,80200.0,1042800.0
2008-05-29,buy,8729.0,1,,
2008-06-03,sell,8644.0,1,-18200.0,1061000.0
2008-06-04,buy,8540.0,1,,
2008-06-09,sell,8520.0,1,-5200.0,1066200.0
2008-06-11,buy,8365.0,1,,
2008-06-13,sell,8068.0,1,-60600.0,1126800.0
2008-06-26,buy,7753.0,1,,
2008-06-27,sell,7381.0,1,-75600.0,1202400.0
2008-07-03,buy,7140.0,1,,
2008-07-04,sell,7282.0,1,27200.0,1175200.0
2008-07-07,buy,7096.0,1,,
2008-07-10,sell,6958.0,1,-28800.0,1204000.0
2008-07-15,buy,7050.0,1,,
2008-07-17,settlement,6798.0,1,-51600.0,1255600.0
2008-07-22,buy,6943.0,1,,
2008-07-24,sell,7262.0,1,62600.0,1193000.0
2008-08-01,buy,6901.0,1,,
2008-08-06,sell,6970.0,1,12600.0,1180400.0
2008-08-08,buy,6941.0,1,,
2008-08-11,sell,7268.0,1,64200.0,1116200.0
2008-08-12,buy,7288.0,1,,
2008-08-15,sell,7362.0,1,13600.0,1102600.0
2008-08-18,buy,7180.0,1,,
2008-08-21,settlement,6875.0,1,-62200.0,1164800.0
2008-08-27,buy,6929.0,1,,
2008-09-10,sell,6351.0,1,-116800.0,1281600.0
2008-09-12,buy,6354.0,1,,
2008-09-15,sell,6130.0,1,-46000.0,1327600.0
2008-09-16,buy,5849.0,1,,
2008-09-18,settlement,5522.0,1,-66600.0,1394200.0
2008-09-24,buy,6117.0,1,,
2008-09-25,sell,6000.0,1,-24600.0,1418800.0
2008-09-30,buy,5459.0,1,,
2008-10-16,settlement,4978.0,1,-97400.0,1516200.0
2008-10-20,buy,4804.0,1,,
2008-10-21,sell,4930.0,1,24000.0,1492200.0
2008-10-27,buy,4126.0,1,,
2008-11-05,sell,5080.0,1,189600.0,1302600.0
2008-11-06,buy,4680.0,1,,
2008-11-07,sell,4310.0,1,-75200.0,1377800.0
2008-11-10,buy,4658.0,1,,
2008-11-12,sell,4488.0,1,-35200.0,1413000.0
2008-11-18,buy,4351.0,1,,
2008-11-20,settlement,3902.0,1,-91000.0,1504000.0
2008-11-24,buy,4081.0,1,,
2008-11-28,sell,4435.0,1,69600.0,1434400.0
2008-12-03,buy,4268.0,1,,
2008-12-04,sell,4246.0,1,-5600.0,1440000.0
2008-12-12,buy,4570.0,1,,
2008-12-15,sell,4615.0,1,7800.0,1432200.0
2008-12-16,buy,4549.0,1,,
2008-12-17,settlement,4666.0,1,22200.0,1410000.0
2008-12-18,buy,4680.0,1,,
2008-12-19,sell,4662.0,1,-4800.0,1414800.0
2008-12-23,buy,4507.0,1,,
2008-12-26,sell,4372.0,1,-28200.0,1443000.0
2009-01-05,buy,4722.0,1,,
2009-01-06,sell,4699.0,1,-5800.0,1448800.0
2009-01-09,buy,4447.0,1,,
2009-01-21,sell,4114.0,1,-67800.0,1516600.0
2009-02-02,buy,4199.0,1,,
2009-02-04,sell,4327.0,1,24400.0,1492200.0
2009-02-05,buy,4315.0,1,,
2009-02-06,sell,4362.0,1,8200.0,1484000.0
2009-02-09,buy,4500.0,1,,
2009-02-10,sell,4456.0,1,-10000.0,1494000.0
2009-02-16,buy,4569.0,1,,
2009-02-18,settlement,4517.0,1,-11600.0,1505600.0
2009-02-23,buy,4332.0,1,,
2009-03-03,sell,4270.0,1,-13600.0,1519200.0
2009-03-06,buy,4550.0,1,,
2009-03-10,sell,4601.0,1,9000.0,1510200.0
2009-03-11,buy,4775.0,1,,
2009-03-12,sell,4752.0,1,-5800.0,1516000.0
2009-03-16,buy,4938.0,1,,
2009-03-18,settlement,5067.0,1,24600.0,1491400.0
2009-03-24,buy,5201.0,1,,
2009-03-27,sell,5434.0,1,45400.0,1446000.0
2009-03-30,buy,5346.0,1,,
2009-04-02,sell,5400.0,1,9600.0,1436400.0
2009-04-14,buy,5825.0,1,,
2009-04-15,sell,5858.0,1,5400.0,1431000.0
2009-04-16,buy,5999.0,1,,
2009-04-17,sell,6046.0,1,8200.0,1422800.0
2009-05-05,buy,6637.0,1,,
2009-05-06,sell,6510.0,1,-26600.0,1449400.0
2009-05-07,buy,6606.0,1,,
2009-05-11,sell,6549.0,1,-12600.0,1462000.0
2009-05-12,buy,6562.0,1,,
2009-05-13,sell,6454.0,1,-22800.0,1484800.0
2009-05-15,buy,6372.0,1,,
2009-05-18,sell,6424.0,1,9200.0,1475600.0
2009-05-21,buy,6629.0,1,,
2009-05-25,sell,6751.0,1,23200.0,1452400.0
2009-06-01,buy,6980.0,1,,
2009-06-06,sell,6777.0,1,-41800.0,1494200.0
2009-06-15,buy,6390.0,1,,
2009-06-16,sell,6173.0,1,-44600.0,1538800.0
2009-06-18,buy,6130.0,1,,
2009-06-23,sell,6088.0,1,-9600.0,1548400.0
2009-06-25,buy,6306.0,1,,
2009-06-29,sell,6415.0,1,20600.0,1527800.0
2009-07-01,buy,6414.0,1,,
2009-07-02,sell,6525.0,1,21000.0,1506800.0
2009-07-28,buy,6962.0,1,,
2009-07-29,sell,7099.0,1,26200.0,1480600.0
2009-08-03,buy,7024.0,1,,
2009-08-12,sell,6849.0,1,-36200.0,1516800.0
2009-08-28,buy,6677.0,1,,
2009-09-01,sell,6757.0,1,14800.0,1502000.0
2009-09-02,buy,6951.0,1,,
2009-09-04,sell,7121.0,1,32800.0,1469200.0
2009-09-07,buy,7186.0,1,,
2009-09-08,sell,7250.0,1,11600.0,1457600.0
2009-09-10,buy,7334.0,1,,
2009-09-16,settlement,7444.0,1,20800.0,1436800.0
2009-09-17,buy,7500.0,1,,
2009-09-18,sell,7441.0,1,-13000.0,1449800.0
2009-09-23,buy,7460.0,1,,
2009-09-25,sell,7250.0,1,-43200.0,1493000.0
2009-09-29,buy,7330.0,1,,
2009-09-30,sell,7427.0,1,18200.0,1474800.0
2009-10-07,buy,7587.0,1,,
2009-10-12,sell,7565.0,1,-5600.0,1480400.0
2009-10-13,buy,7509.0,1,,
2009-10-20,sell,7792.0,1,55400.0,1425000.0
2009-10-29,buy,7360.0,1,,
2009-10-30,sell,7375.0,1,1800.0,1423200.0
2009-11-05,buy,7409.0,1,,
2009-11-09,sell,7540.0,1,25000.0,1398200.0
2009-11-13,buy,7660.0,1,,
2009-11-16,sell,7688.0,1,4400.0,1393800.0
2009-11-18,buy,7788.0,1,,
2009-11-18,settlement,7787.0,1,-1400.0,1395200.0
2009-11-19,buy,7756.0,1,,
2009-11-24,sell,7693.0,1,-13800.0,1409000.0
2009-11-26,buy,7774.0,1,,
2009-12-02,sell,7675.0,1,-21000.0,1430000.0
2009-12-04,buy,7677.0,1,,
2009-12-10,sell,7799.0,1,23200.0,1406800.0
2009-12-22,buy,7788.0,1,,
2009-12-23,sell,7844.0,1,10000.0,1396800.0
2009-12-24,buy,7888.0,1,,
2009-12-25,sell,7960.0,1,13200.0,1383600.0
2009-12-30,buy,8050.0,1,,
2009-12-31,sell,8106.0,1,10000.0,1373600.0
2010-01-04,buy,8203.0,1,,
2010-01-05,sell,8212.0,1,600.0,1373000.0
2010-01-11,buy,8278.0,1,,
2010-01-18,sell,8300.0,1,3200.0,1369800.0
2010-01-19,buy,8370.0,1,,
2010-01-20,settlement,8215.0,1,-32200.0,1402000.0
2010-01-25,buy,7822.0,1,,
2010-02-02,sell,7580.0,1,-49600.0,1451600.0
2010-02-04,buy,7503.0,1,,
2010-02-22,sell,7708.0,1,39800.0,1411800.0
2010-02-23,buy,7534.0,1,,
2010-02-26,sell,7378.0,1,-32400.0,1444200.0
2010-03-01,buy,7413.0,1,,
2010-03-03,sell,7596.0,1,35400.0,1408800.0
2010-03-22,buy,7830.0,1,,
2010-03-23,sell,7850.0,1,2800.0,1406000.0
2010-03-26,buy,7809.0,1,,
2010-03-30,sell,7977.0,1,32400.0,1373600.0
2010-04-07,buy,8125.0,1,,
2010-04-08,sell,8110.0,1,-4200.0,1377800.0
2010-04-09,buy,8077.0,1,,
2010-04-12,sell,8158.0,1,15000.0,1362800.0
2010-04-16,buy,8147.0,1,,
2010-04-19,sell,8002.0,1,-30200.0,1393000.0
2010-04-21,buy,7950.0,1,,
2010-04-21,settlement,7980.0,1,4800.0,1388200.0
2010-04-22,buy,7905.0,1,,
2010-04-27,sell,8148.0,1,47400.0,1340800.0
2010-04-29,buy,8036.0,1,,
2010-05-03,sell,7925.0,1,-23400.0,1364200.0
2010-05-07,buy,7352.0,1,,
2010-05-10,sell,7564.0,1,41200.0,1323000.0
2010-05-21,buy,7164.0,1,,
2010-06-01,sell,7283.0,1,22600.0,1300400.0
2010-06-03,buy,7253.0,1,,
2010-06-08,sell,7097.0,1,-32400.0,1332800.0
2010-06-11,buy,7316.0,1,,
2010-06-17,settlement,7519.0,1,39400.0,1293400.0
2010-06-22,buy,7480.0,1,,
2010-06-29,sell,7393.0,1,-18600.0,1312000.0
2010-06-30,buy,7126.0,1,,
2010-07-01,sell,7123.0,1,-1800.0,1313800.0
2010-07-02,buy,7135.0,1,,
2010-07-12,sell,7590.0,1,89800.0,1224000.0
2010-07-13,buy,7589.0,1,,
2010-07-19,sell,7601.0,1,1200.0,1222800.0
2010-08-03,buy,7911.0,1,,
2010-08-06,sell,7890.0,1,-5400.0,1228200.0
2010-08-10,buy,7998.0,1,,
2010-08-13,sell,7816.0,1,-37600.0,1265800.0
2010-08-23,buy,7880.0,1,,
2010-08-25,sell,7843.0,1,-8600.0,1274400.0
2010-09-01,buy,7569.0,1,,
2010-09-03,sell,7714.0,1,27800.0,1246600.0
2010-09-10,buy,7889.0,1,,
2010-09-13,sell,7943.0,1,9600.0,1237000.0
2010-09-14,buy,8117.0,1,,
2010-09-15,settlement,8154.0,1,6200.0,1230800.0
2010-09-20,buy,8155.0,1,,
2010-09-21,sell,8237.0,1,15200.0,1215600.0
2010-09-29,buy,8220.0,1,,
2010-10-05,sell,8207.0,1,-3800.0,1219400.0
2010-10-12,buy,8150.0,1,,
2010-10-13,sell,8090.0,1,-13200.0,1232600.0
2010-10-26,buy,8299.0,1,,
2010-10-27,sell,8329.0,1,4800.0,1227800.0
2010-10-29,buy,8320.0,1,,
2010-11-05,sell,8478.0,1,30400.0,1197400.0
2010-11-08,buy,8482.0,1,,
2010-11-11,sell,8465.0,1,-4600.0,1202000.0
2010-11-15,buy,8296.0,1,,
2010-11-16,sell,8230.0,1,-14400.0,1216400.0
2010-11-17,buy,8246.0,1,,
2010-11-17,settlement,8246.0,1,-1200.0,1217600.0
2010-11-18,buy,8255.0,1,,
2010-11-24,sell,8281.0,1,4000.0,1213600.0
2010-12-02,buy,8600.0,1,,
2010-12-06,sell,8640.0,1,6800.0,1206800.0
2010-12-07,buy,8698.0,1,,
2010-12-08,sell,8718.0,1,2800.0,1204000.0
2010-12-13,buy,8728.0,1,,
2010-12-14,sell,8752.0,1,3600.0,1200400.0
2010-12-15,buy,8740.0,1,,
2010-12-15,settlement,8726.0,1,-4000.0,1204400.0
2010-12-20,buy,8817.0,1,,
2010-12-30,sell,8879.0,1,11200.0,1193200.0
2011-01-05,buy,8967.0,1,,
2011-01-06,sell,8859.0,1,-22800.0,1216000.0
2011-01-07,buy,8866.0,1,,
2011-01-10,sell,8753.0,1,-23800.0,1239800.0
2011-01-21,buy,8970.0,1,,
2011-01-25,sell,8994.0,1,3600.0,1236200.0
2011-01-28,buy,9112.0,1,,
2011-02-11,sell,8818.0,1,-60000.0,1296200.0
2011-02-14,buy,8625.0,1,,
2011-02-16,settlement,8719.0,1,17600.0,1278600.0
2011-02-18,buy,8678.0,1,,
2011-02-21,sell,8814.0,1,26000.0,1252600.0
2011-02-25,buy,8560.0,1,,
2011-03-03,sell,8660.0,1,18800.0,1233800.0
2011-03-10,buy,8763.0,1,,
2011-03-14,sell,8531.0,1,-47600.0,1281400.0
2011-03-15,buy,8531.0,1,,
2011-03-16,sell,8410.0,1,-25400.0,1306800.0
2011-03-23,buy,8400.0,1,,
2011-03-29,sell,8507.0,1,20200.0,1286600.0
2011-03-30,buy,8607.0,1,,
2011-03-31,sell,8604.0,1,-1800.0,1288400.0
2011-04-01,buy,8640.0,1,,
2011-04-07,sell,8864.0,1,43600.0,1244800.0
2011-04-15,buy,8786.0,1,,
2011-04-18,sell,8692.0,1,-20000.0,1264800.0
2011-04-19,buy,8657.0,1,,
2011-04-20,settlement,8791.0,1,25600.0,1239200.0
2011-04-25,buy,9003.0,1,,
2011-04-26,sell,8914.0,1,-19000.0,1258200.0
2011-04-28,buy,9098.0,1,,
2011-04-29,sell,9014.0,1,-18000.0,1276200.0
2011-05-11,buy,9109.0,1,,
2011-05-12,sell,8960.0,1,-31000.0,1307200.0
2011-05-13,buy,9017.0,1,,
2011-05-16,sell,8995.0,1,-5600.0,1312800.0
2011-05-17,buy,8900.0,1,,
2011-05-18,settlement,8933.0,1,5400.0,1307400.0
2011-05-19,buy,8960.0,1,,
2011-05-23,sell,8747.0,1,-43800.0,1351200.0
2011-05-25,buy,8745.0,1,,
2011-05-26,sell,8764.0,1,2600.0,1348600.0
2011-05-31,buy,8857.0,1,,
2011-06-07,sell,9032.0,1,33800.0,1314800.0
2011-06-13,buy,8780.0,1,,
2011-06-15,sell,8846.0,1,12000.0,1302800.0
2011-06-17,buy,8492.0,1,,
2011-06-22,sell,8518.0,1,4000.0,1298800.0
2011-06-24,buy,8420.0,1,,
2011-07-05,sell,8611.0,1,37000.0,1261800.0
2011-07-13,buy,8431.0,1,,
2011-07-19,sell,8500.0,1,12600.0,1249200.0
2011-07-22,buy,8703.0,1,,
2011-07-25,sell,8650.0,1,-11800.0,1261000.0
2011-07-27,buy,8714.0,1,,
2011-07-29,sell,8698.0,1,-4400.0,1265400.0
2011-08-08,buy,7742.0,1,,
2011-08-10,sell,7597.0,1,-30200.0,1295600.0
2011-08-17,buy,7758.0,1,,
2011-08-17,settlement,7753.0,1,-2200.0,1297800.0
2011-08-29,buy,7470.0,1,,
2011-08-31,sell,7617.0,1,28200.0,1269600.0
2011-09-01,buy,7750.0,1,,
2011-09-02,sell,7725.0,1,-6200.0,1275800.0
2011-09-13,buy,7502.0,1,,
2011-09-16,sell,7514.0,1,1200.0,1274600.0
2011-09-21,buy,7508.0,1,,
2011-09-21,settlement,7537.0,1,4600.0,1270000.0
2011-09-23,buy,7037.0,1,,
2011-09-26,sell,7036.0,1,-1400.0,1271400.0
2011-10-03,buy,7029.0,1,,
2011-10-04,sell,6871.0,1,-32800.0,1304200.0
2011-10-17,buy,7470.0,1,,
2011-10-19,settlement,7330.0,1,-29200.0,1333400.0
2011-10-21,buy,7227.0,1,,
2011-10-24,sell,7394.0,1,32200.0,1301200.0
2011-10-26,buy,7425.0,1,,
2011-11-03,sell,7565.0,1,26800.0,1274400.0
2011-11-04,buy,7605.0,1,,
2011-11-08,sell,7631.0,1,4000.0,1270400.0
2011-11-16,buy,7534.0,1,,
2011-11-16,settlement,7397.0,1,-28600.0,1299000.0
2011-11-24,buy,6828.0,1,,
2011-11-28,sell,6909.0,1,15000.0,1284000.0
2011-12-06,buy,7086.0,1,,
2011-12-08,sell,7015.0,1,-15400.0,1299400.0
2011-12-09,buy,6801.0,1,,
2011-12-20,sell,6674.0,1,-26600.0,1326000.0
2011-12-21,buy,6831.0,1,,
2011-12-21,settlement,6952.0,1,23000.0,1303000.0
2011-12-26,buy,7108.0,1,,
2011-12-29,sell,7012.0,1,-20400.0,1323400.0
2012-01-09,buy,7047.0,1,,
2012-01-10,sell,7120.0,1,13400.0,1310000.0
2012-01-12,buy,7185.0,1,,
2012-01-18,settlement,7207.0,1,3200.0,1306800.0
2012-01-31,buy,7444.0,1,,
2012-02-01,sell,7492.0,1,8400.0,1298400.0
2012-02-02,buy,7620.0,1,,
2012-02-08,sell,7766.0,1,28000.0,1270400.0
2012-02-14,buy,7905.0,1,,
2012-02-15,settlement,8006.0,1,19000.0,1251400.0
2012-02-20,buy,7989.0,1,,
2012-02-21,sell,7954.0,1,-8200.0,1259600.0
2012-02-24,buy,7945.0,1,,
2012-03-06,sell,8020.0,1,13800.0,1245800.0
2012-03-13,buy,7967.0,1,,
2012-03-14,sell,8154.0,1,36200.0,1209600.0
2012-03-15,buy,8140.0,1,,
2012-03-19,sell,8113.0,1,-6600.0,1216200.0
2012-03-20,buy,8077.0,1,,
2012-03-21,sell,7966.0,1,-23400.0,1239600.0
2012-03-28,buy,8015.0,1,,
2012-04-02,sell,7888.0,1,-26600.0,1266200.0
2012-04-03,buy,7889.0,1,,
2012-04-11,sell,7511.0,1,-76800.0,1343000.0
2012-04-13,buy,7701.0,1,,
2012-04-18,settlement,7620.0,1,-17400.0,1360400.0
2012-04-20,buy,7581.0,1,,
2012-04-26,sell,7577.0,1,-2000.0,1362400.0
2012-05-03,buy,7676.0,1,,
2012-05-04,sell,7615.0,1,-13400.0,1375800.0
2012-05-07,buy,7557.0,1,,
2012-05-14,sell,7376.0,1,-37400.0,1413200.0
2012-05-16,buy,7356.0,1,,
2012-05-16,settlement,7255.0,1,-21400.0,1434600.0
2012-05-21,buy,7179.0,1,,
2012-05-28,sell,7072.0,1,-22600.0,1457200.0
2012-05-29,buy,7124.0,1,,
2012-05-30,sell,7270.0,1,28000.0,1429200.0
2012-05-31,buy,7142.0,1,,
2012-06-01,sell,7200.0,1,10400.0,1418800.0
2012-06-12,buy,6976.0,1,,
2012-06-18,sell,7300.0,1,63600.0,1355200.0
2012-06-22,buy,7002.0,1,,
2012-06-26,sell,6944.0,1,-12800.0,1368000.0
2012-06-29,buy,6982.0,1,,
2012-07-03,sell,7177.0,1,37800.0,1330200.0
2012-07-10,buy,7251.0,1,,
2012-07-11,sell,7138.0,1,-23800.0,1354000.0
2012-07-19,buy,6974.0,1,,
2012-07-23,sell,6915.0,1,-13000.0,1367000.0
2012-07-24,buy,6862.0,1,,
2012-07-26,sell,6856.0,1,-2400.0,1369400.0
2012-08-01,buy,7139.0,1,,
2012-08-07,sell,7233.0,1,17600.0,1351800.0
2012-08-08,buy,7306.0,1,,
2012-08-13,sell,7444.0,1,26400.0,1325400.0
2012-08-14,buy,7484.0,1,,
2012-08-15,settlement,7468.0,1,-4400.0,1329800.0
2012-08-20,buy,7464.0,1,,
2012-08-24,sell,7450.0,1,-4000.0,1333800.0
2012-08-30,buy,7360.0,1,,
2012-08-31,sell,7375.0,1,1800.0,1332000.0
2012-09-06,buy,7332.0,1,,
2012-09-14,sell,7698.0,1,72000.0,1260000.0
2012-09-17,buy,7739.0,1,,
2012-09-18,sell,7742.0,1,-600.0,1260600.0
2012-09-20,buy,7782.0,1,,
2012-09-24,sell,7747.0,1,-8200.0,1268800.0
2012-09-27,buy,7683.0,1,,
2012-10-01,sell,7690.0,1,200.0,1268600.0
2012-10-08,buy,7677.0,1,,
2012-10-09,sell,7629.0,1,-10800.0,1279400.0
2012-10-11,buy,7483.0,1,,
2012-10-17,settlement,7460.0,1,-5800.0,1285200.0
2012-10-18,buy,7467.0,1,,
2012-10-23,sell,7342.0,1,-26200.0,1311400.0
2012-10-29,buy,7110.0,1,,
2012-10-30,sell,7170.0,1,10800.0,1300600.0
2012-10-31,buy,7192.0,1,,
2012-11-08,sell,7168.0,1,-6000.0,1306600.0
2012-11-12,buy,7265.0,1,,
2012-11-14,sell,7081.0,1,-38000.0,1344600.0
2012-11-16,buy,7116.0,1,,
2012-11-19,sell,7147.0,1,5000.0,1339600.0
2012-11-20,buy,7174.0,1,,
2012-11-21,settlement,7084.0,1,-19200.0,1358800.0
2012-11-26,buy,7362.0,1,,
2012-11-27,sell,7410.0,1,8400.0,1350400.0
2012-12-03,buy,7596.0,1,,
2012-12-05,sell,7593.0,1,-1800.0,1352200.0
2012-12-12,buy,7657.0,1,,
2012-12-13,sell,7718.0,1,11000.0,1341200.0
2012-12-14,buy,7738.0,1,,
2012-12-18,sell,7660.0,1,-16800.0,1358000.0
2012-12-21,buy,7565.0,1,,
2012-12-22,sell,7556.0,1,-3000.0,1361000.0
2012-12-25,buy,7555.0,1,,
2012-12-26,sell,7651.0,1,18000.0,1343000.0
2012-12-28,buy,7650.0,1,,
2013-01-02,sell,7720.0,1,12800.0,1330200.0
2013-01-09,buy,7686.0,1,,
2013-01-16,settlement,7717.0,1,5000.0,1325200.0
2013-01-23,buy,7777.0,1,,
2013-02-20,sell,8008.0,1,45000.0,1280200.0
2013-02-21,buy,7987.0,1,,
2013-02-22,sell,7939.0,1,-10800.0,1291000.0
2013-03-08,buy,7968.0,1,,
2013-03-11,sell,8010.0,1,7200.0,1283800.0
2013-03-18,buy,7857.0,1,,
2013-03-20,sell,7780.0,1,-16600.0,1300400.0
2013-03-25,buy,7842.0,1,,
2013-03-27,sell,7841.0,1,-1400.0,1301800.0
2013-03-28,buy,7859.0,1,,
2013-03-29,sell,7884.0,1,3800.0,1298000.0
2013-04-01,buy,7938.0,1,,
2013-04-03,sell,7944.0,1,0.0,1298000.0
2013-04-23,buy,7942.0,1,,
2013-04-24,sell,7967.0,1,3800.0,1294200.0
2013-04-25,buy,7976.0,1,,
2013-04-26,sell,8010.0,1,5600.0,1288600.0
2013-04-30,buy,8067.0,1,,
2013-05-07,sell,8180.0,1,21400.0,1267200.0
2013-05-08,buy,8188.0,1,,
2013-05-10,sell,8294.0,1,20000.0,1247200.0
2013-05-14,buy,8280.0,1,,
2013-05-15,settlement,8304.0,1,3600.0,1243600.0
2013-05-17,buy,8405.0,1,,
2013-05-21,sell,8380.0,1,-6200.0,1249800.0
2013-05-23,buy,8337.0,1,,
2013-05-28,sell,8268.0,1,-15000.0,1264800.0
2013-06-11,buy,8135.0,1,,
2013-06-18,sell,7971.0,1,-34000.0,1298800.0
2013-06-21,buy,7600.0,1,,
2013-06-28,sell,7755.0,1,29800.0,1269000.0
2013-07-03,buy,7884.0,1,,
2013-07-09,sell,7830.0,1,-12000.0,1281000.0
2013-07-12,buy,8164.0,1,,
2013-07-15,sell,8141.0,1,-5800.0,1286800.0
2013-07-16,buy,8230.0,1,,
2013-07-17,sell,8209.0,1,-5400.0,1292200.0
2013-07-18,buy,8158.0,1,,
2013-07-19,sell,8059.0,1,-21000.0,1313200.0
2013-07-22,buy,7974.0,1,,
2013-07-24,sell,8142.0,1,32400.0,1280800.0
2013-07-29,buy,8082.0,1,,
2013-07-31,sell,8120.0,1,6400.0,1274400.0
2013-08-01,buy,8049.0,1,,
2013-08-06,sell,8059.0,1,800.0,1273600.0
2013-08-08,buy,7875.0,1,,
2013-08-09,sell,7848.0,1,-6600.0,1280200.0
2013-08-30,buy,7898.0,1,,
2013-09-03,sell,8038.0,1,26800.0,1253400.0
2013-09-04,buy,8028.0,1,,
2013-09-05,sell,8091.0,1,11400.0,1242000.0
2013-09-06,buy,8129.0,1,,
2013-09-09,sell,8150.0,1,3000.0,1239000.0
2013-09-10,buy,8189.0,1,,
2013-09-11,sell,8199.0,1,800.0,1238200.0
2013-09-12,buy,8187.0,1,,
2013-09-18,sell,8255.0,1,12400.0,1225800.0
2013-09-24,buy,8251.0,1,,
2013-09-27,sell,8190.0,1,-13400.0,1239200.0
2013-09-30,buy,8114.0,1,,
2013-10-01,sell,8153.0,1,6600.0,1232600.0
2013-10-04,buy,8357.0,1,,
2013-10-08,sell,8302.0,1,-12200.0,1244800.0
2013-10-11,buy,8439.0,1,,
2013-10-16,settlement,8345.0,1,-20000.0,1264800.0
2013-10-18,buy,8382.0,1,,
2013-10-23,sell,8436.0,1,9600.0,1255200.0
2013-10-24,buy,8348.0,1,,
2013-10-25,sell,8353.0,1,-200.0,1255400.0
2013-11-01,buy,8457.0,1,,
2013-11-05,sell,8326.0,1,-27400.0,1282800.0
2013-11-08,buy,8230.0,1,,
2013-11-15,sell,8177.0,1,-11800.0,1294600.0
2013-11-19,buy,8224.0,1,,
2013-11-20,settlement,8219.0,1,-2200.0,1296800.0
2013-11-26,buy,8166.0,1,,
2013-12-05,sell,8423.0,1,50200.0,1246600.0
2013-12-11,buy,8458.0,1,,
2013-12-17,sell,8383.0,1,-16200.0,1262800.0
2013-12-18,buy,8380.0,1,,
2013-12-18,settlement,8338.0,1,-9600.0,1272400.0
2013-12-25,buy,8500.0,1,,
2013-12-27,sell,8496.0,1,-2000.0,1274400.0
2013-12-30,buy,8549.0,1,,
2014-01-03,sell,8595.0,1,8000.0,1266400.0
2014-01-06,buy,8539.0,1,,
2014-01-08,sell,8556.0,1,2200.0,1264200.0
2014-01-09,buy,8565.0,1,,
2014-01-10,sell,8523.0,1,-9600.0,1273800.0
2014-01-13,buy,8598.0,1,,
2014-01-15,settlement,8610.0,1,1200.0,1272600.0
2014-01-20,buy,8585.0,1,,
2014-01-21,sell,8642.0,1,10200.0,1262400.0
2014-01-24,buy,8570.0,1,,
2014-01-27,sell,8510.0,1,-13200.0,1275600.0
2014-02-07,buy,8327.0,1,,
2014-02-10,sell,8375.0,1,8400.0,1267200.0
2014-02-12,buy,8447.0,1,,
2014-02-14,sell,8496.0,1,8600.0,1258600.0
2014-02-17,buy,8547.0,1,,
2014-02-19,settlement,8557.0,1,800.0,1257800.0
2014-03-04,buy,8560.0,1,,
2014-03-05,sell,8640.0,1,14800.0,1243000.0
2014-03-11,buy,8690.0,1,,
2014-03-12,sell,8666.0,1,-6000.0,1249000.0
2014-03-13,buy,8702.0,1,,
2014-03-19,settlement,8696.0,1,-2400.0,1251400.0
2014-04-16,buy,8910.0,1,,
2014-04-16,settlement,8955.0,1,7800.0,1243600.0
2014-04-21,buy,8917.0,1,,
2014-04-22,sell,8925.0,1,400.0,1243200.0
2014-04-30,buy,8850.0,1,,
2014-05-02,sell,8768.0,1,-17600.0,1260800.0
2014-05-08,buy,8860.0,1,,
2014-05-09,sell,8888.0,1,4400.0,1256400.0
2014-05-12,buy,8842.0,1,,
2014-05-13,sell,8855.0,1,1400.0,1255000.0
2014-05-16,buy,8842.0,1,,
2014-05-19,sell,8876.0,1,5600.0,1249400.0
2014-05-21,buy,8892.0,1,,
2014-05-21,settlement,8860.0,1,-7600.0,1257000.0
2014-05-27,buy,9047.0,1,,
2014-05-28,sell,9062.0,1,1800.0,1255200.0
2014-05-29,buy,9132.0,1,,
2014-06-13,sell,9170.0,1,6400.0,1248800.0
2014-06-16,buy,9180.0,1,,
2014-06-18,settlement,9302.0,1,23200.0,1225600.0
2014-06-19,buy,9187.0,1,,
2014-06-20,sell,9227.0,1,6800.0,1218800.0
2014-06-24,buy,9174.0,1,,
2014-06-25,sell,9146.0,1,-6800.0,1225600.0
2014-07-01,buy,9299.0,1,,
2014-07-02,sell,9404.0,1,19800.0,1205800.0
2014-07-03,buy,9396.0,1,,
2014-07-07,sell,9452.0,1,10000.0,1195800.0
2014-07-09,buy,9450.0,1,,
2014-07-10,sell,9466.0,1,2000.0,1193800.0
2014-07-18,buy,9285.0,1,,
2014-07-28,sell,9370.0,1,15800.0,1178000.0
2014-08-04,buy,9260.0,1,,
2014-08-12,sell,9152.0,1,-22800.0,1200800.0
2014-08-14,buy,9228.0,1,,
2014-08-15,sell,9210.0,1,-4800.0,1205600.0
2014-08-18,buy,9212.0,1,,
2014-08-20,settlement,9275.0,1,11400.0,1194200.0
2014-08-21,buy,9260.0,1,,
2014-08-25,sell,9386.0,1,24000.0,1170200.0
2014-08-26,buy,9386.0,1,,
2014-08-27,sell,9421.0,1,5800.0,1164400.0
2014-09-16,buy,9219.0,1,,
2014-09-17,settlement,9172.0,1,-10600.0,1175000.0
2014-09-24,buy,9095.0,1,,
2014-09-25,sell,9158.0,1,11400.0,1163600.0
2014-10-09,buy,8997.0,1,,
2014-10-13,sell,8798.0,1,-41000.0,1204600.0
2014-10-15,buy,8743.0,1,,
2014-10-15,settlement,8646.0,1,-20600.0,1225200.0
2014-10-16,buy,8583.0,1,,
2014-10-17,sell,8658.0,1,13800.0,1211400.0
2014-10-20,buy,8599.0,1,,
2014-10-24,sell,8742.0,1,27400.0,1184000.0
2014-10-27,buy,8675.0,1,,
2014-10-29,sell,8833.0,1,30400.0,1153600.0
2014-11-04,buy,8984.0,1,,
2014-11-05,sell,9030.0,1,8000.0,1145600.0
2014-11-07,buy,8924.0,1,,
2014-11-11,sell,9088.0,1,31600.0,1114000.0
2014-11-12,buy,9028.0,1,,
2014-11-19,settlement,8953.0,1,-16200.0,1130200.0
2014-11-21,buy,9119.0,1,,
2014-11-28,sell,9202.0,1,15400.0,1114800.0
2014-12-05,buy,9203.0,1,,
2014-12-12,sell,9023.0,1,-37200.0,1152000.0
2014-12-23,buy,9134.0,1,,
2015-01-07,sell,9042.0,1,-19600.0,1171600.0
2015-01-14,buy,9235.0,1,,
2015-01-21,sell,9282.0,1,8200.0,1163400.0
2015-01-27,buy,9522.0,1,,
2015-02-04,sell,9526.0,1,-400.0,1163800.0
2015-02-05,buy,9521.0,1,,
2015-02-13,sell,9510.0,1,-3400.0,1167200.0
2015-02-24,buy,9582.0,1,,
2015-02-24,settlement,9622.0,1,6800.0,1160400.0
2015-02-25,buy,9694.0,1,,
2015-02-26,sell,9691.0,1,-1800.0,1162200.0
2015-03-02,buy,9658.0,1,,
2015-03-05,sell,9622.0,1,-8400.0,1170600.0
2015-03-06,buy,9591.0,1,,
2015-03-11,sell,9466.0,1,-26200.0,1196800.0
2015-03-12,buy,9529.0,1,,
2015-03-13,sell,9616.0,1,16200.0,1180600.0
2015-03-17,buy,9580.0,1,,
2015-03-18,sell,9558.0,1,-5600.0,1186200.0
2015-03-20,buy,9742.0,1,,
2015-03-25,sell,9721.0,1,-5400.0,1191600.0
2015-03-26,buy,9580.0,1,,
2015-03-27,sell,9609.0,1,4600.0,1187000.0
2015-03-30,buy,9511.0,1,,
2015-04-08,sell,9633.0,1,23200.0,1163800.0
2015-04-09,buy,9579.0,1,,
2015-04-13,sell,9673.0,1,17600.0,1146200.0
2015-04-14,buy,9641.0,1,,
2015-04-15,settlement,9519.0,1,-25600.0,1171800.0
2015-04-16,buy,9561.0,1,,
2015-04-20,sell,9530.0,1,-7400.0,1179200.0
2015-04-21,buy,9585.0,1,,
2015-04-24,sell,9880.0,1,57800.0,1121400.0
2015-04-27,buy,9958.0,1,,
2015-05-05,sell,9866.0,1,-19600.0,1141000.0
2015-05-06,buy,9802.0,1,,
2015-05-11,sell,9800.0,1,-1600.0,1142600.0
2015-05-13,buy,9712.0,1,,
2015-05-14,sell,9737.0,1,3800.0,1138800.0
2015-05-18,buy,9612.0,1,,
2015-05-20,settlement,9668.0,1,10000.0,1128800.0
2015-05-27,buy,9607.0,1,,
2015-05-28,sell,9711.0,1,19600.0,1109200.0
2015-06-03,buy,9640.0,1,,
2015-06-05,sell,9324.0,1,-64400.0,1173600.0
2015-06-10,buy,9256.0,1,,
2015-06-12,sell,9272.0,1,2000.0,1171600.0
2015-06-15,buy,9272.0,1,,
2015-06-16,sell,9244.0,1,-6800.0,1178400.0
2015-06-22,buy,9108.0,1,,
2015-06-23,sell,9221.0,1,21400.0,1157000.0
2015-06-26,buy,9348.0,1,,
2015-06-29,sell,9195.0,1,-31800.0,1188800.0
2015-07-01,buy,9185.0,1,,
2015-07-07,sell,9260.0,1,13800.0,1175000.0
2015-07-16,buy,8935.0,1,,
2015-07-21,sell,8887.0,1,-10800.0,1185800.0
2015-07-23,buy,8778.0,1,,
2015-07-30,sell,8520.0,1,-52800.0,1238600.0
2015-08-05,buy,8504.0,1,,
2015-08-10,sell,8405.0,1,-21000.0,1259600.0
2015-08-14,buy,8262.0,1,,
2015-08-18,sell,8241.0,1,-5400.0,1265000.0
2015-08-21,buy,7858.0,1,,
2015-08-26,sell,7525.0,1,-67800.0,1332800.0
2015-08-28,buy,7812.0,1,,
2015-08-31,sell,7831.0,1,2600.0,1330200.0
2015-09-01,buy,7901.0,1,,
2015-09-08,sell,7930.0,1,4600.0,1325600.0
2015-09-11,buy,8221.0,1,,
2015-09-16,sell,8310.0,1,16600.0,1309000.0
2015-09-17,buy,8368.0,1,,
2015-09-18,sell,8418.0,1,8800.0,1300200.0
2015-09-23,buy,8234.0,1,,
2015-10-02,sell,8283.0,1,8600.0,1291600.0
2015-10-06,buy,8431.0,1,,
2015-10-08,sell,8534.0,1,19400.0,1272200.0
2015-10-12,buy,8494.0,1,,
2015-10-13,sell,8554.0,1,10800.0,1261400.0
2015-10-16,buy,8588.0,1,,
2015-10-19,sell,8627.0,1,6600.0,1254800.0
2015-10-20,buy,8644.0,1,,
2015-10-21,settlement,8617.0,1,-6600.0,1261400.0
2015-10-22,buy,8588.0,1,,
2015-10-23,sell,8742.0,1,29600.0,1231800.0
2015-10-26,buy,8730.0,1,,
2015-10-29,sell,8681.0,1,-11000.0,1242800.0
2015-11-02,buy,8535.0,1,,
2015-11-04,sell,8765.0,1,44800.0,1198000.0
2015-11-17,buy,8370.0,1,,
2015-11-18,settlement,8336.0,1,-8000.0,1206000.0
2015-11-30,buy,8311.0,1,,
2015-12-01,sell,8360.0,1,8600.0,1197400.0
2015-12-03,buy,8388.0,1,,
2015-12-07,sell,8495.0,1,20200.0,1177200.0
2015-12-10,buy,8182.0,1,,
2015-12-16,sell,8180.0,1,-1600.0,1178800.0
2015-12-28,buy,8370.0,1,,
2015-12-30,sell,8313.0,1,-12600.0,1191400.0
2015-12-31,buy,8240.0,1,,
2016-01-08,sell,7755.0,1,-98200.0,1289600.0
2016-01-18,buy,7513.0,1,,
2016-01-20,sell,7797.0,1,55600.0,1234000.0
2016-02-17,buy,8232.0,1,,
2016-02-17,settlement,8212.0,1,-5200.0,1239200.0
2016-02-18,buy,8290.0,1,,
2016-02-19,sell,8278.0,1,-3600.0,1242800.0
2016-02-22,buy,8289.0,1,,
2016-02-23,sell,8321.0,1,5200.0,1237600.0
2016-03-03,buy,8530.0,1,,
2016-03-07,sell,8605.0,1,13800.0,1223800.0
2016-03-09,buy,8613.0,1,,
2016-03-10,sell,8629.0,1,2000.0,1221800.0
2016-03-11,buy,8618.0,1,,
2016-03-14,sell,8727.0,1,20600.0,1201200.0
2016-03-15,buy,8739.0,1,,
2016-03-16,settlement,8691.0,1,-10800.0,1212000.0
2016-03-28,buy,8720.0,1,,
2016-03-29,sell,8682.0,1,-8800.0,1220800.0
2016-04-01,buy,8670.0,1,,
2016-04-07,sell,8470.0,1,-41200.0,1262000.0
2016-04-13,buy,8542.0,1,,
2016-04-14,sell,8705.0,1,31400.0,1230600.0
2016-04-19,buy,8700.0,1,,
2016-04-20,settlement,8519.0,1,-37400.0,1268000.0
2016-04-22,buy,8513.0,1,,
2016-04-27,sell,8560.0,1,8200.0,1259800.0
2016-04-28,buy,8586.0,1,,
2016-05-03,sell,8319.0,1,-54600.0,1314400.0
2016-05-04,buy,8238.0,1,,
2016-05-18,settlement,8148.0,1,-19200.0,1333600.0
2016-05-24,buy,8329.0,1,,
2016-05-26,sell,8401.0,1,13200.0,1320400.0
2016-05-31,buy,8499.0,1,,
2016-06-03,sell,8561.0,1,11200.0,1309200.0
2016-06-13,buy,8635.0,1,,
2016-06-14,sell,8495.0,1,-29200.0,1338400.0
2016-06-16,buy,8410.0,1,,
2016-06-22,sell,8510.0,1,18800.0,1319600.0
2016-06-23,buy,8515.0,1,,
2016-07-01,sell,8568.0,1,9400.0,1310200.0
2016-07-07,buy,8508.0,1,,
2016-07-12,sell,8751.0,1,47400.0,1262800.0
2016-07-22,buy,8965.0,1,,
2016-07-28,sell,8982.0,1,2200.0,1260600.0
2016-08-01,buy,8940.0,1,,
2016-08-02,sell,9014.0,1,13600.0,1247000.0
2016-08-03,buy,8914.0,1,,
2016-08-04,sell,8990.0,1,14000.0,1233000.0
2016-08-08,buy,9133.0,1,,
2016-08-09,sell,9122.0,1,-3400.0,1236400.0
2016-08-10,buy,9136.0,1,,
2016-08-11,sell,9125.0,1,-3400.0,1239800.0
2016-08-15,buy,9147.0,1,,
2016-08-16,sell,9155.0,1,400.0,1239400.0
2016-08-19,buy,9050.0,1,,
2016-08-23,sell,8921.0,1,-27000.0,1266400.0
2016-08-26,buy,9055.0,1,,
2016-08-29,sell,9045.0,1,-3200.0,1269600.0
2016-09-02,buy,8948.0,1,,
2016-09-08,sell,9251.0,1,59400.0,1210200.0
2016-09-21,buy,9129.0,1,,
2016-09-21,settlement,9221.0,1,17200.0,1193000.0
2016-09-22,buy,9221.0,1,,
2016-09-30,sell,9183.0,1,-8800.0,1201800.0
2016-10-07,buy,9250.0,1,,
2016-10-19,settlement,9280.0,1,4800.0,1197000.0
2016-10-20,buy,9269.0,1,,
2016-10-21,sell,9259.0,1,-3200.0,1200200.0
2016-10-25,buy,9328.0,1,,
2016-11-01,sell,9259.0,1,-15000.0,1215200.0
2016-11-02,buy,9199.0,1,,
2016-11-04,sell,9058.0,1,-29400.0,1244600.0
2016-11-09,buy,9223.0,1,,
2016-11-11,sell,9048.0,1,-36200.0,1280800.0
2016-11-17,buy,8942.0,1,,
2016-11-18,sell,8979.0,1,6200.0,1274600.0
2016-11-22,buy,9050.0,1,,
2016-11-23,sell,9150.0,1,18800.0,1255800.0
2016-11-24,buy,9156.0,1,,
2016-11-29,sell,9222.0,1,12000.0,1243800.0
2016-11-30,buy,9211.0,1,,
2016-12-02,sell,9199.0,1,-3600.0,1247400.0
2016-12-07,buy,9300.0,1,,
2016-12-09,sell,9377.0,1,14200.0,1233200.0
2016-12-13,buy,9340.0,1,,
2016-12-14,sell,9409.0,1,12600.0,1220600.0
2016-12-20,buy,9261.0,1,,
2016-12-21,settlement,9232.0,1,-7000.0,1227600.0
2016-12-22,buy,9211.0,1,,
2016-12-27,sell,9123.0,1,-18800.0,1246400.0
2017-01-03,buy,9266.0,1,,
2017-01-06,sell,9353.0,1,16200.0,1230200.0
2017-01-16,buy,9360.0,1,,
2017-01-18,settlement,9340.0,1,-5200.0,1235400.0
2017-01-20,buy,9283.0,1,,
2017-01-23,sell,9319.0,1,6000.0,1229400.0
2017-01-24,buy,9423.0,1,,
2017-02-03,sell,9418.0,1,-2200.0,1231600.0
2017-02-08,buy,9513.0,1,,
2017-02-15,settlement,9800.0,1,56200.0,1175400.0
2017-02-20,buy,9786.0,1,,
2017-02-23,sell,9780.0,1,-2400.0,1177800.0
2017-02-24,buy,9770.0,1,,
2017-03-02,sell,9761.0,1,-3000.0,1180800.0
2017-03-06,buy,9639.0,1,,
2017-03-08,sell,9736.0,1,18200.0,1162600.0
2017-03-10,buy,9647.0,1,,
2017-03-15,settlement,9732.0,1,15800.0,1146800.0
2017-03-21,buy,9926.0,1,,
2017-03-28,sell,9920.0,1,-2400.0,1149200.0
2017-04-05,buy,9849.0,1,,
2017-04-06,sell,9930.0,1,15000.0,1134200.0
2017-04-07,buy,9903.0,1,,
2017-04-11,sell,9866.0,1,-8600.0,1142800.0
2017-04-14,buy,9806.0,1,,
2017-04-17,sell,9740.0,1,-14400.0,1157200.0
2017-04-24,buy,9747.0,1,,
2017-04-25,sell,9746.0,1,-1400.0,1158600.0
2017-05-04,buy,9951.0,1,,
2017-05-05,sell,9946.0,1,-2200.0,1160800.0
2017-05-11,buy,9962.0,1,,
2017-05-15,sell,9990.0,1,4400.0,1156400.0
2017-05-16,buy,10023.0,1,,
2017-05-17,settlement,10000.0,1,-5800.0,1162200.0
2017-05-19,buy,9948.0,1,,
2017-05-31,sell,10094.0,1,28000.0,1134200.0
2017-06-03,buy,10134.0,1,,
2017-06-06,sell,10202.0,1,12400.0,1121800.0
2017-06-07,buy,10187.0,1,,
2017-06-15,sell,10063.0,1,-26000.0,1147800.0
2017-06-16,buy,10070.0,1,,
2017-06-21,settlement,10369.0,1,58600.0,1089200.0
2017-06-22,buy,10178.0,1,,
2017-06-27,sell,10381.0,1,39400.0,1049800.0
2017-06-29,buy,10268.0,1,,
2017-07-05,sell,10215.0,1,-11800.0,1061600.0
2017-07-07,buy,10263.0,1,,
2017-07-10,sell,10203.0,1,-13200.0,1074800.0
2017-07-17,buy,10403.0,1,,
2017-07-19,sell,10464.0,1,11000.0,1063800.0
2017-07-21,buy,10385.0,1,,
2017-07-25,sell,10361.0,1,-6000.0,1069800.0
2017-07-27,buy,10329.0,1,,
2017-07-28,sell,10454.0,1,23800.0,1046000.0
2017-08-02,buy,10373.0,1,,
2017-08-09,sell,10525.0,1,29200.0,1016800.0
2017-08-11,buy,10330.0,1,,
2017-08-14,sell,10311.0,1,-5000.0,1021800.0
2017-08-15,buy,10234.0,1,,
2017-08-16,settlement,10254.0,1,2800.0,1019000.0
2017-08-25,buy,10456.0,1,,
2017-08-30,sell,10473.0,1,2200.0,1016800.0
2017-08-31,buy,10546.0,1,,
2017-09-01,sell,10555.0,1,600.0,1016200.0
2017-09-13,buy,10596.0,1,,
2017-09-18,sell,10566.0,1,-7200.0,1023400.0
2017-09-19,buy,10637.0,1,,
2017-09-20,settlement,10512.0,1,-26200.0,1049600.0
2017-09-21,buy,10513.0,1,,
2017-09-22,sell,10578.0,1,11800.0,1037800.0
2017-09-27,buy,10269.0,1,,
2017-09-30,sell,10324.0,1,9800.0,1028000.0
2017-10-02,buy,10392.0,1,,
2017-10-03,sell,10434.0,1,7200.0,1020800.0
2017-10-05,buy,10455.0,1,,
2017-10-16,sell,10711.0,1,50000.0,970800.0
2017-10-18,buy,10717.0,1,,
2017-10-18,settlement,10724.0,1,200.0,970600.0
2017-10-20,buy,10757.0,1,,
2017-10-25,sell,10740.0,1,-4600.0,975200.0
2017-10-26,buy,10741.0,1,,
2017-10-27,sell,10727.0,1,-4000.0,979200.0
2017-11-09,buy,10801.0,1,,
2017-11-13,sell,10723.0,1,-16800.0,996000.0
2017-11-20,buy,10710.0,1,,
2017-11-21,sell,10662.0,1,-10800.0,1006800.0
2017-11-22,buy,10788.0,1,,
2017-11-30,sell,10735.0,1,-11800.0,1018600.0
2017-12-11,buy,10390.0,1,,
2017-12-13,sell,10430.0,1,6800.0,1011800.0
2017-12-19,buy,10502.0,1,,
2017-12-20,settlement,10508.0,1,0.0,1011800.0
2018-01-02,buy,10630.0,1,,
2018-01-03,sell,10715.0,1,15800.0,996000.0
2018-01-04,buy,10792.0,1,,
2018-01-09,sell,10885.0,1,17400.0,978600.0
2018-01-12,buy,10797.0,1,,
2018-01-15,sell,10882.0,1,15800.0,962800.0
2018-01-16,buy,10947.0,1,,
2018-01-17,settlement,11020.0,1,13400.0,949400.0
2018-01-19,buy,11063.0,1,,
2018-01-23,sell,11210.0,1,28200.0,921200.0
2018-01-24,buy,11228.0,1,,
2018-01-25,sell,11141.0,1,-18600.0,939800.0
2018-02-02,buy,11157.0,1,,
2018-02-05,sell,11105.0,1,-11600.0,951400.0
2018-02-06,buy,10921.0,1,,
2018-02-09,sell,10510.0,1,-83400.0,1034800.0
2018-02-21,buy,10405.0,1,,
2018-02-21,settlement,10686.0,1,55000.0,979800.0
2018-02-22,buy,10706.0,1,,
2018-02-26,sell,10799.0,1,17400.0,962400.0
2018-02-27,buy,10817.0,1,,
2018-03-02,sell,10755.0,1,-13600.0,976000.0
2018-03-09,buy,10835.0,1,,
2018-03-14,sell,11094.0,1,50600.0,925400.0
2018-03-21,buy,11019.0,1,,
2018-03-21,settlement,11003.0,1,-4400.0,929800.0
2018-03-23,buy,10981.0,1,,
2018-03-29,sell,10826.0,1,-32200.0,962000.0
2018-03-31,buy,10930.0,1,,
2018-04-11,sell,10963.0,1,5400.0,956600.0
2018-04-18,buy,10807.0,1,,
2018-04-18,settlement,10845.0,1,6400.0,950200.0
2018-04-20,buy,10937.0,1,,
2018-04-23,sell,10757.0,1,-37200.0,987400.0
2018-04-24,buy,10689.0,1,,
2018-04-25,sell,10578.0,1,-23400.0,1010800.0
2018-04-30,buy,10568.0,1,,
2018-05-11,sell,10757.0,1,36600.0,974200.0
2018-05-14,buy,10856.0,1,,
2018-05-16,settlement,10882.0,1,4000.0,970200.0
2018-05-18,buy,10813.0,1,,
2018-05-23,sell,10923.0,1,20800.0,949400.0
2018-05-24,buy,10856.0,1,,
2018-05-28,sell,10935.0,1,14600.0,934800.0
2018-05-29,buy,10981.0,1,,
2018-06-05,sell,11092.0,1,21000.0,913800.0
2018-06-08,buy,11235.0,1,,
2018-06-11,sell,11115.0,1,-25200.0,939000.0
2018-06-15,buy,10970.0,1,,
2018-06-20,settlement,10936.0,1,-8000.0,947000.0
2018-06-21,buy,10727.0,1,,
2018-06-26,sell,10584.0,1,-29800.0,976800.0
2018-06-28,buy,10538.0,1,,
2018-07-13,sell,10743.0,1,39800.0,937000.0
2018-07-17,buy,10818.0,1,,
2018-07-18,settlement,10844.0,1,4000.0,933000.0
2018-07-20,buy,10708.0,1,,
2018-07-26,sell,10879.0,1,33000.0,900000.0
2018-07-31,buy,10948.0,1,,
2018-08-01,sell,10982.0,1,5600.0,894400.0
2018-08-02,buy,11047.0,1,,
2018-08-15,settlement,10737.0,1,-63200.0,957600.0
2018-08-20,buy,10653.0,1,,
2018-08-21,sell,10695.0,1,7200.0,950400.0
2018-08-22,buy,10761.0,1,,
2018-08-28,sell,10888.0,1,24200.0,926200.0
2018-08-29,buy,10957.0,1,,
2018-08-31,sell,11036.0,1,14600.0,911600.0
2018-09-03,buy,11008.0,1,,
2018-09-05,sell,11008.0,1,-1200.0,912800.0
2018-09-06,buy,10916.0,1,,
2018-09-12,sell,10736.0,1,-37200.0,950000.0
2018-09-20,buy,10880.0,1,,
2018-09-25,sell,10979.0,1,18600.0,931400.0
2018-10-04,buy,10864.0,1,,
2018-10-08,sell,10513.0,1,-71400.0,1002800.0
2018-10-12,buy,9705.0,1,,
2018-10-16,sell,9853.0,1,28400.0,974400.0
2018-10-22,buy,9903.0,1,,
2018-10-24,sell,9709.0,1,-40000.0,1014400.0
2018-10-29,buy,9453.0,1,,
2018-10-30,sell,9461.0,1,400.0,1014000.0
2018-11-01,buy,9721.0,1,,
2018-11-08,sell,9841.0,1,22800.0,991200.0
2018-11-14,buy,9730.0,1,,
2018-11-15,sell,9770.0,1,6800.0,984400.0
2018-11-16,buy,9843.0,1,,
2018-11-21,settlement,9743.0,1,-21200.0,1005600.0
2018-11-23,buy,9720.0,1,,
2018-11-30,sell,9872.0,1,29200.0,976400.0
2018-12-03,buy,9855.0,1,,
2018-12-04,sell,10122.0,1,52200.0,924200.0
2018-12-06,buy,9890.0,1,,
2018-12-07,sell,9662.0,1,-46800.0,971000.0
2018-12-17,buy,9725.0,1,,
2018-12-19,settlement,9768.0,1,7400.0,963600.0
2018-12-25,buy,9623.0,1,,
2018-12-28,sell,9622.0,1,-1400.0,965000.0
2019-01-02,buy,9660.0,1,,
2019-01-04,sell,9449.0,1,-43400.0,1008400.0
2019-01-08,buy,9568.0,1,,
2019-01-09,sell,9560.0,1,-2800.0,1011200.0
2019-01-18,buy,9733.0,1,,
2019-01-22,sell,9869.0,1,26000.0,985200.0
2019-01-25,buy,9864.0,1,,
2019-01-29,sell,9978.0,1,21600.0,963600.0
2019-01-30,buy,9925.0,1,,
2019-02-12,sell,10011.0,1,16000.0,947600.0
2019-02-18,buy,10041.0,1,,
2019-02-20,settlement,10256.0,1,41800.0,905800.0
2019-02-27,buy,10352.0,1,,
2019-03-12,sell,10232.0,1,-25200.0,931000.0
2019-03-14,buy,10357.0,1,,
2019-03-19,sell,10487.0,1,24800.0,906200.0
2019-03-21,buy,10521.0,1,,
2019-03-29,sell,10500.0,1,-5400.0,911600.0
2019-04-03,buy,10682.0,1,,
2019-04-08,sell,10703.0,1,3000.0,908600.0
2019-04-10,buy,10847.0,1,,
2019-04-11,sell,10861.0,1,1600.0,907000.0
2019-04-15,buy,10805.0,1,,
2019-04-17,sell,10930.0,1,23800.0,883200.0
2019-04-23,buy,10972.0,1,,
2019-04-24,sell,11025.0,1,9400.0,873800.0
2019-04-26,buy,11015.0,1,,
2019-04-30,sell,10939.0,1,-16400.0,890200.0
2019-05-06,buy,11093.0,1,,
2019-05-09,sell,10894.0,1,-41000.0,931200.0
2019-05-15,buy,10524.0,1,,
2019-05-15,settlement,10579.0,1,9800.0,921400.0
2019-05-21,buy,10434.0,1,,
2019-05-23,sell,10476.0,1,7200.0,914200.0
2019-05-27,buy,10351.0,1,,
2019-05-31,sell,10373.0,1,3200.0,911000.0
2019-06-05,buy,10411.0,1,,
2019-06-17,sell,10522.0,1,21000.0,890000.0
2019-06-18,buy,10541.0,1,,
2019-06-19,settlement,10770.0,1,44600.0,845400.0
2019-06-21,buy,10602.0,1,,
2019-06-25,sell,10622.0,1,2800.0,842600.0
2019-06-27,buy,10506.0,1,,
2019-07-01,sell,10587.0,1,15000.0,827600.0
2019-07-05,buy,10702.0,1,,
2019-07-08,sell,10711.0,1,600.0,827000.0
2019-07-22,buy,10745.0,1,,
2019-07-23,sell,10790.0,1,7800.0,819200.0
2019-07-26,buy,10826.0,1,,
2019-07-29,sell,10784.0,1,-9600.0,828800.0
2019-07-30,buy,10787.0,1,,
2019-07-31,sell,10743.0,1,-10000.0,838800.0
2019-08-01,buy,10722.0,1,,
2019-08-06,sell,10380.0,1,-69600.0,908400.0
2019-08-09,buy,10439.0,1,,
2019-08-13,sell,10440.0,1,-1000.0,909400.0
2019-08-14,buy,10330.0,1,,
2019-08-16,sell,10328.0,1,-1600.0,911000.0
2019-08-20,buy,10494.0,1,,
2019-08-21,settlement,10528.0,1,5600.0,905400.0
2019-08-28,buy,10365.0,1,,
2019-09-05,sell,10690.0,1,63800.0,841600.0
2019-09-11,buy,10749.0,1,,
2019-09-16,sell,10821.0,1,13200.0,828400.0
2019-09-17,buy,10887.0,1,,
2019-09-18,sell,10865.0,1,-5600.0,834000.0
2019-09-23,buy,10906.0,1,,
2019-09-24,sell,10895.0,1,-3400.0,837400.0
2019-09-25,buy,10907.0,1,,
2019-09-30,sell,10836.0,1,-15400.0,852800.0
2019-10-02,buy,10957.0,1,,
2019-10-04,sell,10869.0,1,-18800.0,871600.0
2019-10-07,buy,10862.0,1,,
2019-10-09,sell,11009.0,1,28200.0,843400.0
2019-10-15,buy,11071.0,1,,
2019-10-16,sell,11117.0,1,8000.0,835400.0
2019-10-18,buy,11166.0,1,,
2019-10-23,sell,11242.0,1,14000.0,821400.0
2019-10-24,buy,11206.0,1,,
2019-10-28,sell,11288.0,1,15200.0,806200.0
2019-11-05,buy,11549.0,1,,
2019-11-08,sell,11599.0,1,8800.0,797400.0
2019-11-13,buy,11523.0,1,,
2019-11-14,sell,11466.0,1,-12600.0,810000.0
2019-11-18,buy,11523.0,1,,
2019-11-20,settlement,11607.0,1,15600.0,794400.0
2019-11-22,buy,11549.0,1,,
2019-11-26,sell,11570.0,1,3000.0,791400.0
2019-11-28,buy,11648.0,1,,
2019-11-29,sell,11616.0,1,-7600.0,799000.0
2019-12-03,buy,11509.0,1,,
2019-12-16,sell,11958.0,1,88600.0,710400.0
2019-12-18,buy,12088.0,1,,
2019-12-18,settlement,12118.0,1,4800.0,705600.0
2019-12-19,buy,12080.0,1,,
2019-12-23,sell,11977.0,1,-21800.0,727400.0
2019-12-25,buy,11980.0,1,,
2019-12-31,sell,12066.0,1,16000.0,711400.0
2020-01-03,buy,12099.0,1,,
2020-01-08,sell,11867.0,1,-47600.0,759000.0
2020-01-09,buy,11808.0,1,,
2020-01-10,sell,11970.0,1,31200.0,727800.0
2020-01-13,buy,12015.0,1,,
2020-01-15,settlement,12063.0,1,8400.0,719400.0
2020-01-17,buy,12066.0,1,,
2020-02-05,sell,11541.0,1,-106200.0,825600.0
2020-02-10,buy,11614.0,1,,
2020-02-12,sell,11657.0,1,7400.0,818200.0
2020-02-20,buy,11762.0,1,,
2020-02-21,sell,11723.0,1,-9000.0,827200.0
2020-02-25,buy,11505.0,1,,
2020-02-26,sell,11549.0,1,7600.0,819600.0
2020-02-27,buy,11392.0,1,,
2020-03-02,sell,11306.0,1,-18400.0,838000.0
2020-03-04,buy,11331.0,1,,
2020-03-06,sell,11481.0,1,28800.0,809200.0
2020-03-10,buy,10957.0,1,,
2020-03-11,sell,10962.0,1,-200.0,809400.0
2020-03-16,buy,10030.0,1,,
2020-03-18,sell,9396.0,1,-128000.0,937400.0
2020-04-13,buy,10131.0,1,,
2020-04-15,settlement,10450.0,1,62600.0,874800.0
2020-04-21,buy,10476.0,1,,
2020-04-22,sell,10231.0,1,-50200.0,925000.0
2020-04-28,buy,10531.0,1,,
2020-04-29,sell,10576.0,1,7800.0,917200.0
2020-05-06,buy,10732.0,1,,
2020-05-08,sell,10827.0,1,17800.0,899400.0
2020-05-14,buy,10922.0,1,,
2020-05-20,settlement,10887.0,1,-8200.0,907600.0
2020-05-22,buy,10943.0,1,,
2020-05-28,sell,10963.0,1,2800.0,904800.0
2020-05-29,buy,10914.0,1,,
2020-06-02,sell,11065.0,1,29000.0,875800.0
2020-06-09,buy,11568.0,1,,
2020-06-10,sell,11603.0,1,5800.0,870000.0
2020-06-15,buy,11375.0,1,,
2020-06-17,settlement,11520.0,1,27800.0,842200.0
2020-06-23,buy,11426.0,1,,
2020-06-24,sell,11470.0,1,7600.0,834600.0
2020-06-30,buy,11361.0,1,,
2020-07-01,sell,11454.0,1,17400.0,817200.0
2020-07-02,buy,11559.0,1,,
2020-07-06,sell,11870.0,1,61000.0,756200.0
2020-07-07,buy,12071.0,1,,
2020-07-09,sell,12127.0,1,10000.0,746200.0
2020-07-10,buy,12138.0,1,,
2020-07-15,sell,12206.0,1,12400.0,733800.0
2020-07-17,buy,12026.0,1,,
2020-07-28,sell,12519.0,1,97400.0,636400.0
2020-08-03,buy,12583.0,1,,
2020-08-13,sell,12700.0,1,22200.0,614200.0
2020-08-14,buy,12733.0,1,,
2020-08-17,sell,12789.0,1,10000.0,604200.0
2020-08-18,buy,12980.0,1,,
2020-08-19,sell,12855.0,1,-26200.0,630400.0
2020-08-21,buy,12295.0,1,,
2020-08-26,sell,12736.0,1,87000.0,543400.0
2020-08-27,buy,12796.0,1,,
2020-08-28,sell,12765.0,1,-7400.0,550800.0
2020-09-01,buy,12567.0,1,,
2020-09-03,sell,12691.0,1,23600.0,527200.0
2020-09-04,buy,12745.0,1,,
2020-09-08,sell,12561.0,1,-38000.0,565200.0
2020-09-10,buy,12574.0,1,,
2020-09-16,settlement,12968.0,1,77600.0,487600.0
2020-09-17,buy,12909.0,1,,
2020-09-18,sell,12783.0,1,-26400.0,514000.0
2020-09-24,buy,12526.0,1,,
2020-09-25,sell,12168.0,1,-72800.0,586800.0
2020-09-30,buy,12409.0,1,,
2020-10-06,sell,12520.0,1,21000.0,565800.0
2020-10-12,buy,12893.0,1,,
2020-10-15,sell,12897.0,1,-400.0,566200.0
2020-10-16,buy,12819.0,1,,
2020-10-19,sell,12744.0,1,-16200.0,582400.0
2020-10-20,buy,12899.0,1,,
2020-10-21,settlement,12860.0,1,-9000.0,591400.0
2020-10-27,buy,12855.0,1,,
2020-11-02,sell,12395.0,1,-93200.0,684600.0
2020-11-04,buy,12696.0,1,,
2020-11-06,sell,12891.0,1,37800.0,646800.0
2020-11-12,buy,13284.0,1,,
2020-11-16,sell,13293.0,1,600.0,646200.0
2020-11-20,buy,13760.0,1,,
2020-11-24,sell,13874.0,1,21600.0,624600.0
2020-11-25,buy,13797.0,1,,
2020-11-26,sell,13709.0,1,-18800.0,643400.0
2020-11-27,buy,13839.0,1,,
2020-11-30,sell,13894.0,1,9800.0,633600.0
2020-12-03,buy,13972.0,1,,
2020-12-10,sell,14395.0,1,83400.0,550200.0
2020-12-18,buy,14176.0,1,,
2020-12-23,sell,14036.0,1,-29200.0,579400.0
2020-12-28,buy,14305.0,1,,
2021-01-07,sell,14925.0,1,122800.0,456600.0
2021-01-08,buy,15238.0,1,,
2021-01-11,sell,15462.0,1,43600.0,413000.0
2021-01-14,buy,15767.0,1,,
2021-01-19,sell,15588.0,1,-37000.0,450000.0
2021-01-28,buy,15665.0,1,,
2021-01-29,sell,15375.0,1,-59200.0,509200.0
2021-02-01,buy,15140.0,1,,
2021-02-04,sell,15771.0,1,125000.0,384200.0
2021-02-26,buy,16394.0,1,,
2021-03-04,sell,16195.0,1,-41000.0,425200.0
2021-03-10,buy,15778.0,1,,
2021-03-11,sell,15883.0,1,19800.0,405400.0
2021-03-12,buy,16163.0,1,,
